filename,width,height,class,xmin,ymin,xmax,ymax
video02_0018.jpg,774,434,Grasper,369,149,605,262
video02_0019.jpg,774,434,Grasper,488,3,733,130
video02_0019.jpg,774,434,Grasper,370,102,492,177
video02_0020.jpg,774,434,Grasper,74,228,208,327
video02_0020.jpg,774,434,Grasper,390,217,730,299
video02_0020.jpg,774,434,Grasper,369,73,559,158
video02_0021.jpg,774,434,Grasper,91,151,361,358
video02_0021.jpg,774,434,Grasper,401,371,676,434
video02_0021.jpg,774,434,Grasper,369,43,573,153
video02_0022.jpg,774,434,Grasper,93,186,413,349
video02_0022.jpg,774,434,Grasper,377,52,582,161
video02_0022.jpg,774,434,Grasper,401,331,682,427
video02_0023.jpg,774,434,Grasper,416,331,700,416
video02_0023.jpg,774,434,Grasper,189,275,429,339
video02_0023.jpg,774,434,Grasper,397,74,592,156
video02_0024.jpg,774,434,Grasper,407,338,713,430
video02_0024.jpg,774,434,Grasper,194,270,408,347
video02_0024.jpg,774,434,Grasper,396,80,588,167
video02_0025.jpg,774,434,Grasper,415,347,685,422
video02_0025.jpg,774,434,Grasper,239,295,442,357
video02_0025.jpg,774,434,Grasper,397,77,601,182
video02_0026.jpg,774,434,Grasper,366,333,719,428
video02_0026.jpg,774,434,Grasper,274,287,435,381
video02_0026.jpg,774,434,Grasper,396,102,580,201
video02_0027.jpg,774,434,Grasper,388,256,719,359
video02_0027.jpg,774,434,Grasper,283,188,420,246
video02_0027.jpg,774,434,Grasper,422,75,728,229
video02_0028.jpg,774,434,Grasper,387,239,728,347
video02_0028.jpg,774,434,Grasper,412,94,739,224
video02_0028.jpg,774,434,Grasper,217,112,394,203
video02_0029.jpg,774,434,Grasper,452,202,751,266
video02_0029.jpg,774,434,Grasper,351,242,546,332
video02_0029.jpg,774,434,Grasper,192,173,382,229
video02_0030.jpg,774,434,Grasper,355,270,567,329
video02_0030.jpg,774,434,Grasper,347,207,562,284
video02_0030.jpg,774,434,Grasper,191,183,371,239
video02_0031.jpg,774,434,Grasper,302,385,426,434
video02_0031.jpg,774,434,Grasper,222,176,390,243
video02_0031.jpg,774,434,Grasper,332,197,678,344
video02_0032.jpg,774,434,Grasper,340,378,504,434
video02_0032.jpg,774,434,Grasper,394,171,681,296
video02_0032.jpg,774,434,Grasper,205,177,391,248
video02_0033.jpg,774,434,Grasper,317,186,577,321
video02_0033.jpg,774,434,Grasper,210,183,387,247
video02_0033.jpg,774,434,Grasper,333,368,551,434
video02_0034.jpg,774,434,Grasper,338,193,558,310
video02_0034.jpg,774,434,Grasper,337,383,493,434
video02_0034.jpg,774,434,Grasper,209,180,389,242
video02_0035.jpg,774,434,Grasper,350,199,546,284
video02_0035.jpg,774,434,Grasper,324,373,480,434
video02_0035.jpg,774,434,Grasper,209,177,380,240
video02_0036.jpg,774,434,Grasper,324,361,621,434
video02_0036.jpg,774,434,Grasper,340,180,541,280
video02_0036.jpg,774,434,Grasper,222,159,400,215
video02_0037.jpg,774,434,Grasper,312,155,477,212
video02_0037.jpg,774,434,Grasper,360,318,671,434
video02_0037.jpg,774,434,Grasper,78,199,390,313
video02_0038.jpg,774,434,Grasper,299,349,459,434
video02_0038.jpg,774,434,Grasper,442,260,718,372
video02_0038.jpg,774,434,Grasper,339,55,492,134
video02_0039.jpg,774,434,Grasper,410,20,549,79
video02_0039.jpg,774,434,Grasper,419,370,649,434
video02_0040.jpg,774,434,Grasper,416,2,564,60
video02_0041.jpg,774,434,Grasper,447,14,588,77
video02_0041.jpg,774,434,Grasper,404,390,610,434
video02_0042.jpg,774,434,Grasper,445,10,579,61
video02_0043.jpg,774,434,Grasper,453,6,573,66
video02_0044.jpg,774,434,Grasper,463,18,563,59
video02_0045.jpg,774,434,Grasper,441,23,533,75
video02_0050.jpg,774,434,Grasper,344,5,410,44
video02_0051.jpg,774,434,Grasper,333,6,436,48
video02_0052.jpg,774,434,Grasper,342,8,449,60
video02_0053.jpg,774,434,Grasper,356,17,462,73
video02_0054.jpg,774,434,Grasper,375,20,475,78
video02_0055.jpg,774,434,Grasper,370,26,479,81
video02_0056.jpg,774,434,Grasper,383,35,502,102
video02_0057.jpg,774,434,Grasper,389,35,499,98
video02_0058.jpg,774,434,Grasper,396,37,502,110
video02_0059.jpg,774,434,Grasper,385,43,508,107
video02_0060.jpg,774,434,Grasper,412,49,540,107
video02_0061.jpg,774,434,Grasper,350,98,454,160
video02_0062.jpg,774,434,Grasper,222,371,677,434
video02_0062.jpg,774,434,Grasper,344,94,443,167
video02_0063.jpg,774,434,Grasper,328,131,432,176
video02_0064.jpg,774,434,Grasper,316,143,416,186
video02_0065.jpg,774,434,Grasper,325,153,420,202
video02_0066.jpg,774,434,Grasper,325,140,416,192
video02_0067.jpg,774,434,Grasper,332,161,424,214
video02_0068.jpg,774,434,Grasper,291,153,387,200
video02_0069.jpg,774,434,Grasper,312,143,397,195
video02_0070.jpg,774,434,Grasper,318,133,398,190
video02_0071.jpg,774,434,Grasper,301,141,398,195
video02_0072.jpg,774,434,Grasper,295,164,398,218
video02_0073.jpg,774,434,Grasper,284,140,390,192
video02_0074.jpg,774,434,Grasper,278,147,375,194
video02_0075.jpg,774,434,Grasper,271,155,379,199
video02_0076.jpg,774,434,Grasper,276,162,373,210
video02_0077.jpg,774,434,Grasper,270,175,365,217
video02_0078.jpg,774,434,Grasper,273,177,364,217
video02_0079.jpg,774,434,Grasper,327,58,417,100
video02_0080.jpg,774,434,Grasper,347,10,454,63
video02_0081.jpg,774,434,Grasper,360,11,457,56
video02_0082.jpg,774,434,Grasper,363,24,461,72
video02_0083.jpg,774,434,Grasper,346,32,456,78
video02_0084.jpg,774,434,Grasper,364,36,461,80
video02_0086.jpg,774,434,Grasper,369,40,465,82
video02_0087.jpg,774,434,Grasper,368,35,464,88
video02_0088.jpg,774,434,Grasper,84,213,449,363
video02_0088.jpg,774,434,Grasper,339,15,432,55
video02_0089.jpg,774,434,Grasper,225,287,492,405
video02_0089.jpg,774,434,Grasper,323,4,412,48
video02_0090.jpg,774,434,Grasper,264,330,491,415
video02_0090.jpg,774,434,Grasper,326,11,426,54
video02_0091.jpg,774,434,Grasper,340,28,428,72
video02_0091.jpg,774,434,Grasper,313,291,483,357
video02_0092.jpg,774,434,Grasper,276,322,437,385
video02_0092.jpg,774,434,Grasper,323,28,407,77
video02_0093.jpg,774,434,Grasper,315,19,398,73
video02_0093.jpg,774,434,Grasper,309,282,437,348
video02_0094.jpg,774,434,Grasper,326,292,441,339
video02_0094.jpg,774,434,Grasper,321,30,402,70
video02_0095.jpg,774,434,Grasper,313,30,399,67
video02_0095.jpg,774,434,Grasper,325,283,448,343
video02_0096.jpg,774,434,Grasper,321,313,411,348
video02_0096.jpg,774,434,Grasper,323,39,401,77
video02_0097.jpg,774,434,Grasper,386,278,673,419
video02_0097.jpg,774,434,Grasper,253,354,351,393
video02_0097.jpg,774,434,Grasper,314,58,404,102
video02_0098.jpg,774,434,Grasper,338,353,685,433
video02_0098.jpg,774,434,Grasper,321,41,409,74
video02_0098.jpg,774,434,Grasper,256,340,351,372
video02_0099.jpg,774,434,Grasper,402,324,594,389
video02_0099.jpg,774,434,Grasper,256,316,354,356
video02_0099.jpg,774,434,Grasper,313,9,403,53
video02_0165.jpg,774,434,Hook,503,316,674,434
video02_0165.jpg,774,434,Grasper,302,297,394,344
video02_0165.jpg,774,434,Grasper,361,40,449,84
video02_0166.jpg,774,434,Hook,394,282,611,391
video02_0166.jpg,774,434,Grasper,299,286,387,331
video02_0166.jpg,774,434,Grasper,371,9,458,67
video02_0167.jpg,774,434,Grasper,205,299,368,361
video02_0167.jpg,774,434,Hook,263,370,530,434
video02_0168.jpg,774,434,Grasper,220,274,374,334
video02_0168.jpg,774,434,Hook,433,223,735,317
video02_0169.jpg,774,434,Hook,346,346,504,434
video02_0169.jpg,774,434,Grasper,221,233,375,310
video02_0170.jpg,774,434,Grasper,178,211,368,264
video02_0170.jpg,774,434,Hook,388,275,704,369
video02_0171.jpg,774,434,Grasper,139,205,341,262
video02_0171.jpg,774,434,Hook,300,279,576,368
video02_0172.jpg,774,434,Hook,340,332,607,434
video02_0172.jpg,774,434,Grasper,189,232,369,291
video02_0173.jpg,774,434,Grasper,207,241,384,291
video02_0173.jpg,774,434,Hook,371,309,527,394
video02_0174.jpg,774,434,Grasper,211,238,385,290
video02_0174.jpg,774,434,Hook,333,302,497,365
video02_0175.jpg,774,434,Hook,327,312,498,363
video02_0175.jpg,774,434,Grasper,206,231,378,295
video02_0176.jpg,774,434,Grasper,184,215,371,285
video02_0176.jpg,774,434,Hook,347,280,448,357
video02_0177.jpg,774,434,Hook,349,287,432,347
video02_0177.jpg,774,434,Grasper,184,221,368,277
video02_0178.jpg,774,434,Grasper,183,227,362,274
video02_0178.jpg,774,434,Hook,338,289,412,340
video02_0179.jpg,774,434,Hook,341,291,402,332
video02_0179.jpg,774,434,Grasper,171,221,364,273
video02_0180.jpg,774,434,Grasper,154,216,355,267
video02_0180.jpg,774,434,Hook,349,293,401,331
video02_0181.jpg,774,434,Hook,331,301,383,333
video02_0181.jpg,774,434,Grasper,196,234,339,282
video02_0182.jpg,774,434,Grasper,188,234,338,278
video02_0182.jpg,774,434,Hook,314,303,366,346
video02_0183.jpg,774,434,Hook,328,302,374,348
video02_0183.jpg,774,434,Grasper,170,219,331,272
video02_0184.jpg,774,434,Grasper,170,223,328,267
video02_0184.jpg,774,434,Hook,333,307,379,347
video02_0185.jpg,774,434,Hook,329,298,385,348
video02_0185.jpg,774,434,Grasper,212,215,336,270
video02_0186.jpg,774,434,Grasper,185,224,340,274
video02_0186.jpg,774,434,Hook,336,309,384,345
video02_0187.jpg,774,434,Hook,334,306,382,352
video02_0187.jpg,774,434,Grasper,195,215,328,275
video02_0188.jpg,774,434,Grasper,181,221,328,272
video02_0188.jpg,774,434,Hook,321,303,370,343
video02_0189.jpg,774,434,Hook,327,302,375,336
video02_0189.jpg,774,434,Grasper,187,215,333,273
video02_0190.jpg,774,434,Grasper,159,216,332,270
video02_0190.jpg,774,434,Hook,321,299,365,344
video02_0191.jpg,774,434,Hook,305,308,354,344
video02_0191.jpg,774,434,Grasper,147,207,327,268
video02_0192.jpg,774,434,Grasper,174,215,331,273
video02_0192.jpg,774,434,Hook,298,298,348,339
video02_0193.jpg,774,434,Hook,285,294,328,337
video02_0193.jpg,774,434,Grasper,161,226,339,276
video02_0194.jpg,774,434,Hook,272,302,314,339
video02_0194.jpg,774,434,Grasper,190,237,330,277
video02_0195.jpg,774,434,Grasper,135,224,328,269
video02_0195.jpg,774,434,Hook,284,304,338,346
video02_0196.jpg,774,434,Hook,300,299,346,347
video02_0196.jpg,774,434,Grasper,165,209,335,266
video02_0197.jpg,774,434,Grasper,141,222,313,271
video02_0197.jpg,774,434,Hook,287,286,346,322
video02_0198.jpg,774,434,Hook,292,299,347,336
video02_0198.jpg,774,434,Grasper,139,216,314,263
video02_0199.jpg,774,434,Grasper,141,210,311,259
video02_0199.jpg,774,434,Hook,303,297,346,330
video02_0200.jpg,774,434,Hook,293,292,346,332
video02_0200.jpg,774,434,Grasper,154,217,306,263
video02_0201.jpg,774,434,Grasper,160,207,311,261
video02_0201.jpg,774,434,Hook,310,293,351,321
video02_0202.jpg,774,434,Hook,298,278,347,318
video02_0202.jpg,774,434,Grasper,158,204,312,257
video02_0203.jpg,774,434,Grasper,123,205,306,248
video02_0203.jpg,774,434,Hook,298,268,335,306
video02_0204.jpg,774,434,Hook,284,278,322,321
video02_0204.jpg,774,434,Grasper,165,209,317,255
video02_0205.jpg,774,434,Grasper,206,198,375,255
video02_0205.jpg,774,434,Hook,309,293,345,332
video02_0206.jpg,774,434,Grasper,189,212,382,256
video02_0206.jpg,774,434,Hook,352,299,389,344
video02_0207.jpg,774,434,Grasper,194,215,369,275
video02_0207.jpg,774,434,Hook,322,311,370,365
video02_0208.jpg,774,434,Hook,315,308,367,370
video02_0208.jpg,774,434,Grasper,214,221,365,262
video02_0211.jpg,774,434,Grasper,223,198,366,259
video02_0211.jpg,774,434,Hook,239,313,350,394
video02_0212.jpg,774,434,Grasper,190,221,350,281
video02_0212.jpg,774,434,Hook,261,311,338,413
video02_0213.jpg,774,434,Hook,346,302,432,381
video02_0213.jpg,774,434,Grasper,194,216,346,269
video02_0214.jpg,774,434,Grasper,172,197,336,261
video02_0214.jpg,774,434,Hook,322,284,394,353
video02_0215.jpg,774,434,Hook,326,285,381,337
video02_0215.jpg,774,434,Grasper,194,199,338,254
video02_0216.jpg,774,434,Grasper,193,197,340,251
video02_0216.jpg,774,434,Hook,347,269,406,330
video02_0217.jpg,774,434,Hook,378,226,445,280
video02_0218.jpg,774,434,Hook,317,291,380,353
video02_0219.jpg,774,434,Hook,354,289,409,346
video02_0220.jpg,774,434,Hook,287,305,347,363
video02_0228.jpg,774,434,Hook,338,243,387,290
video02_0229.jpg,774,434,Hook,331,238,387,292
video02_0230.jpg,774,434,Hook,297,283,357,352
video02_0231.jpg,774,434,Hook,297,279,394,335
video02_0232.jpg,774,434,Hook,361,300,484,405
video02_0235.jpg,774,434,Grasper,208,114,427,373
video02_0237.jpg,774,434,Grasper,199,9,360,137
video02_0237.jpg,774,434,Grasper,262,323,439,400
video02_0239.jpg,774,434,Hook,288,276,426,376
video02_0240.jpg,774,434,Hook,311,268,406,343
video02_0241.jpg,774,434,Hook,292,254,394,329
video02_0244.jpg,774,434,Hook,343,263,468,353
video02_0245.jpg,774,434,Hook,350,217,448,303
video02_0246.jpg,774,434,Hook,336,265,417,329
video02_0247.jpg,774,434,Hook,343,259,407,314
video02_0248.jpg,774,434,Hook,320,255,373,313
video02_0249.jpg,774,434,Hook,328,237,380,288
video02_0250.jpg,774,434,Grasper,96,194,311,248
video02_0250.jpg,774,434,Hook,362,217,415,265
video02_0254.jpg,774,434,Hook,358,189,431,247
video02_0255.jpg,774,434,Hook,360,145,445,217
video02_0256.jpg,774,434,Hook,335,255,408,324
video02_0257.jpg,774,434,Hook,331,258,386,308
video02_0258.jpg,774,434,Hook,330,235,393,285
video02_0259.jpg,774,434,Hook,345,175,412,248
video02_0260.jpg,774,434,Hook,370,173,461,235
video02_0261.jpg,774,434,Hook,343,197,447,259
video02_0262.jpg,774,434,Hook,366,165,450,240
video02_0263.jpg,774,434,Hook,362,165,452,240
video02_0264.jpg,774,434,Hook,355,171,450,238
video02_0265.jpg,774,434,Hook,353,143,456,220
video02_0266.jpg,774,434,Grasper,113,208,310,280
video02_0266.jpg,774,434,Hook,340,274,442,359
video02_0267.jpg,774,434,Hook,301,286,350,353
video02_0267.jpg,774,434,Grasper,83,235,272,291
video02_0268.jpg,774,434,Grasper,103,228,267,278
video02_0268.jpg,774,434,Hook,319,251,360,303
video02_0269.jpg,774,434,Hook,335,190,419,253
video02_0269.jpg,774,434,Grasper,114,214,285,279
video02_0270.jpg,774,434,Grasper,91,212,285,277
video02_0270.jpg,774,434,Hook,343,183,417,248
video02_0271.jpg,774,434,Hook,328,157,405,232
video02_0271.jpg,774,434,Grasper,92,210,282,280
video02_0272.jpg,774,434,Grasper,91,216,278,273
video02_0272.jpg,774,434,Hook,337,169,417,233
video02_0273.jpg,774,434,Hook,326,168,408,257
video02_0273.jpg,774,434,Grasper,103,223,290,287
video02_0274.jpg,774,434,Grasper,73,246,268,303
video02_0274.jpg,774,434,Hook,327,271,389,333
video02_0275.jpg,774,434,Grasper,95,235,277,299
video02_0275.jpg,774,434,Hook,341,238,406,288
video02_0281.jpg,774,434,Grasper,114,241,289,304
video02_0281.jpg,774,434,Hook,353,249,426,305
video02_0282.jpg,774,434,Grasper,82,247,281,302
video02_0282.jpg,774,434,Hook,359,236,418,287
video02_0283.jpg,774,434,Grasper,79,244,282,300
video02_0283.jpg,774,434,Hook,360,202,423,257
video02_0284.jpg,774,434,Hook,352,161,433,219
video02_0284.jpg,774,434,Grasper,92,248,272,304
video02_0285.jpg,774,434,Grasper,86,256,273,311
video02_0285.jpg,774,434,Hook,339,170,405,229
video02_0286.jpg,774,434,Hook,359,139,432,208
video02_0286.jpg,774,434,Grasper,87,248,272,301
video02_0288.jpg,774,434,Hook,329,296,383,359
video02_0289.jpg,774,434,Hook,347,239,409,285
video02_0290.jpg,774,434,Hook,341,258,405,310
video02_0297.jpg,774,434,Hook,334,256,405,315
video02_0298.jpg,774,434,Hook,347,240,415,292
video02_0303.jpg,774,434,Hook,349,161,414,212
video02_0304.jpg,774,434,Hook,336,132,416,201
video02_0305.jpg,774,434,Hook,362,209,429,270
video02_0306.jpg,774,434,Hook,353,190,413,245
video02_0307.jpg,774,434,Hook,335,213,384,255
video02_0308.jpg,774,434,Grasper,73,280,229,351
video02_0308.jpg,774,434,Hook,336,232,388,274
video02_0309.jpg,774,434,Hook,346,194,405,242
video02_0310.jpg,774,434,Hook,361,158,430,218
video02_0311.jpg,774,434,Hook,371,163,435,214
video02_0312.jpg,774,434,Hook,373,147,438,206
video02_0313.jpg,774,434,Hook,375,156,449,213
video02_0314.jpg,774,434,Hook,366,218,436,275
video02_0315.jpg,774,434,Hook,352,193,407,246
video02_0316.jpg,774,434,Hook,355,164,420,224
video02_0317.jpg,774,434,Hook,374,134,430,184
video02_0318.jpg,774,434,Hook,369,133,442,190
video02_0319.jpg,774,434,Hook,383,132,452,192
video02_0320.jpg,774,434,Hook,341,177,420,247
video02_0321.jpg,774,434,Hook,349,219,404,275
video02_0322.jpg,774,434,Hook,362,195,416,245
video02_0323.jpg,774,434,Hook,359,173,411,225
video02_0324.jpg,774,434,Hook,367,118,424,173
video02_0325.jpg,774,434,Hook,378,107,440,163
video02_0326.jpg,774,434,Hook,381,103,456,167
video02_0327.jpg,774,434,Hook,367,129,445,194
video02_0328.jpg,774,434,Hook,316,207,391,277
video02_0329.jpg,774,434,Hook,277,214,342,282
video02_0330.jpg,774,434,Hook,319,235,407,290
video02_0332.jpg,774,434,Hook,330,246,398,312
video02_0333.jpg,774,434,Hook,322,248,393,308
video02_0334.jpg,774,434,Hook,325,254,384,311
video02_0338.jpg,774,434,Hook,263,281,341,350
video02_0339.jpg,774,434,Hook,280,286,354,359
video02_0340.jpg,774,434,Hook,231,333,379,424
video02_0341.jpg,774,434,Hook,290,250,426,332
video02_0342.jpg,774,434,Hook,244,316,368,417
video02_0343.jpg,774,434,Hook,324,211,438,295
video02_0344.jpg,774,434,Hook,332,273,433,343
video02_0345.jpg,774,434,Hook,337,244,433,303
video02_0346.jpg,774,434,Hook,337,283,419,346
video02_0347.jpg,774,434,Hook,380,328,460,397
video02_0348.jpg,774,434,Hook,340,297,444,367
video02_0349.jpg,774,434,Hook,353,285,444,356
video02_0350.jpg,774,434,Hook,365,346,469,428
video02_0351.jpg,774,434,Hook,333,329,431,394
video02_0352.jpg,774,434,Hook,323,312,408,363
video02_0353.jpg,774,434,Hook,332,231,427,289
video02_0354.jpg,774,434,Hook,328,241,382,304
video02_0355.jpg,774,434,Hook,328,295,420,345
video02_0356.jpg,774,434,Hook,321,271,398,327
video02_0357.jpg,774,434,Hook,322,274,387,323
video02_0359.jpg,774,434,Hook,362,265,446,329
video02_0360.jpg,774,434,Hook,370,283,462,347
video02_0361.jpg,774,434,Hook,354,296,488,376
video02_0362.jpg,774,434,Hook,324,333,502,434
video02_0363.jpg,774,434,Grasper,438,107,572,185
video02_0363.jpg,774,434,Hook,412,244,611,363
video02_0364.jpg,774,434,Hook,573,217,713,313
video02_0364.jpg,774,434,Grasper,493,18,630,124
video02_0365.jpg,774,434,Grasper,491,13,624,82
video02_0365.jpg,774,434,Hook,588,168,750,237
video02_0366.jpg,774,434,Hook,600,134,748,205
video02_0366.jpg,774,434,Grasper,446,5,621,107
video02_0367.jpg,774,434,Grasper,412,46,593,128
video02_0367.jpg,774,434,Hook,548,157,725,228
video02_0368.jpg,774,434,Hook,529,174,684,243
video02_0368.jpg,774,434,Grasper,392,25,591,123
video02_0369.jpg,774,434,Grasper,387,34,598,119
video02_0369.jpg,774,434,Hook,521,142,678,211
video02_0370.jpg,774,434,Hook,567,159,697,218
video02_0370.jpg,774,434,Grasper,413,32,588,102
video02_0371.jpg,774,434,Grasper,404,7,588,96
video02_0371.jpg,774,434,Hook,553,131,696,193
video02_0372.jpg,774,434,Hook,555,120,685,189
video02_0372.jpg,774,434,Grasper,409,9,588,97
video02_0373.jpg,774,434,Hook,497,91,605,164
video02_0374.jpg,774,434,Hook,474,145,593,207
video02_0375.jpg,774,434,Hook,468,127,604,198
video02_0376.jpg,774,434,Hook,448,103,588,183
video02_0377.jpg,774,434,Hook,445,121,587,188
video02_0378.jpg,774,434,Hook,443,119,580,205
video02_0379.jpg,774,434,Hook,367,164,548,267
video02_0380.jpg,774,434,Hook,517,237,682,345
video02_0381.jpg,774,434,Hook,563,112,719,195
video02_0382.jpg,774,434,Hook,546,126,681,196
video02_0383.jpg,774,434,Hook,549,118,687,195
video02_0384.jpg,774,434,Hook,549,128,682,197
video02_0385.jpg,774,434,Hook,550,64,639,135
video02_0386.jpg,774,434,Hook,507,95,617,165
video02_0389.jpg,774,434,Hook,387,16,545,135
video02_0390.jpg,774,434,Hook,480,128,595,212
video02_0391.jpg,774,434,Hook,549,78,695,156
video02_0392.jpg,774,434,Hook,544,75,669,158
video02_0393.jpg,774,434,Hook,504,76,603,140
video02_0394.jpg,774,434,Hook,461,51,564,124
video02_0395.jpg,774,434,Hook,461,89,556,154
video02_0396.jpg,774,434,Hook,462,105,581,171
video02_0401.jpg,774,434,Hook,288,106,481,245
video02_0402.jpg,774,434,Hook,424,176,541,248
video02_0403.jpg,774,434,Hook,497,56,624,134
video02_0406.jpg,774,434,Hook,408,96,540,174
video02_0407.jpg,774,434,Hook,279,122,391,194
video02_0408.jpg,774,434,Hook,426,100,573,171
video02_0409.jpg,774,434,Hook,450,82,590,144
video02_0410.jpg,774,434,Hook,428,69,535,134
video02_0415.jpg,774,434,Hook,363,70,454,139
video02_0416.jpg,774,434,Hook,358,89,434,153
video02_0417.jpg,774,434,Hook,382,92,453,153
video02_0418.jpg,774,434,Bile,365,147,394,164
video02_0418.jpg,774,434,Hook,396,126,461,171
video02_0419.jpg,774,434,Bile,372,142,404,165
video02_0419.jpg,774,434,Hook,405,127,469,183
video02_0420.jpg,774,434,Bile,396,192,431,229
video02_0420.jpg,774,434,Bile,397,119,447,150
video02_0420.jpg,774,434,Hook,384,154,468,187
video02_0421.jpg,774,434,Hook,391,163,504,203
video02_0421.jpg,774,434,Bile,414,105,456,161
video02_0422.jpg,774,434,Hook,413,183,544,239
video02_0422.jpg,774,434,Bile,420,107,480,181
video02_0423.jpg,774,434,Bile,181,321,306,361
video02_0423.jpg,774,434,Bile,402,122,506,231
video02_0424.jpg,774,434,Bile,408,112,514,223
video02_0425.jpg,774,434,Bile,161,324,300,372
video02_0425.jpg,774,434,Bile,392,112,510,243
video02_0426.jpg,774,434,Bile,143,313,291,366
video02_0426.jpg,774,434,Bile,395,111,530,227
video02_0427.jpg,774,434,Bile,406,95,531,222
video02_0428.jpg,774,434,Bile,387,109,512,197
video02_0429.jpg,774,434,Bile,360,111,484,222
video02_0430.jpg,774,434,Grasper,492,8,623,102
video02_0430.jpg,774,434,Bile,377,133,490,252
video02_0431.jpg,774,434,Bile,381,127,528,218
video02_0432.jpg,774,434,Bile,387,126,529,233
video02_0433.jpg,774,434,Bile,392,104,558,210
video02_0434.jpg,774,434,Bile,415,106,547,218
video02_0435.jpg,774,434,Grasper,589,18,688,102
video02_0435.jpg,774,434,Bile,427,143,554,228
video02_0436.jpg,774,434,Bile,415,147,535,256
video02_0437.jpg,774,434,Bile,437,160,548,258
video02_0438.jpg,774,434,Bile,410,184,561,284
video02_0439.jpg,774,434,Bile,444,203,562,291
video02_0440.jpg,774,434,Bile,405,165,547,279
video02_0441.jpg,774,434,Bile,407,176,535,295
video02_0442.jpg,774,434,Bile,396,183,513,293
video02_0443.jpg,774,434,Bile,403,189,508,301
video02_0446.jpg,774,434,Grasper,502,47,649,137
video02_0446.jpg,774,434,Bile,394,182,520,312
video02_0447.jpg,774,434,SuctionIrrigator,415,137,739,225
video02_0448.jpg,774,434,SuctionIrrigator,421,105,604,169
video02_0449.jpg,774,434,Bile,380,118,484,265
video02_0449.jpg,774,434,SuctionIrrigator,461,64,600,115
video02_0450.jpg,774,434,Bile,377,160,453,256
video02_0450.jpg,774,434,SuctionIrrigator,406,94,562,150
video02_0451.jpg,774,434,SuctionIrrigator,420,39,596,128
video02_0451.jpg,774,434,Bile,363,125,430,277
video02_0452.jpg,774,434,Bile,354,122,484,265
video02_0452.jpg,774,434,SuctionIrrigator,385,45,606,123
video02_0453.jpg,774,434,SuctionIrrigator,397,80,565,139
video02_0453.jpg,774,434,Bile,350,125,512,264
video02_0454.jpg,774,434,Bile,355,163,525,297
video02_0454.jpg,774,434,SuctionIrrigator,402,103,554,159
video02_0455.jpg,774,434,Bile,339,134,513,295
video02_0455.jpg,774,434,SuctionIrrigator,368,82,490,140
video02_0456.jpg,774,434,SuctionIrrigator,363,122,460,170
video02_0456.jpg,774,434,Bile,356,172,522,218
video02_0457.jpg,774,434,SuctionIrrigator,389,184,513,247
video02_0458.jpg,774,434,Bile,379,219,525,261
video02_0458.jpg,774,434,SuctionIrrigator,421,164,525,218
video02_0459.jpg,774,434,SuctionIrrigator,402,151,526,204
video02_0459.jpg,774,434,Bile,402,206,527,252
video02_0460.jpg,774,434,SuctionIrrigator,427,204,530,267
video02_0461.jpg,774,434,Bile,381,185,439,238
video02_0461.jpg,774,434,SuctionIrrigator,437,174,509,218
video02_0462.jpg,774,434,SuctionIrrigator,394,191,479,240
video02_0463.jpg,774,434,Bile,353,221,516,272
video02_0463.jpg,774,434,SuctionIrrigator,367,157,500,212
video02_0464.jpg,774,434,Grasper,337,43,559,130
video02_0464.jpg,774,434,SuctionIrrigator,366,167,449,217
video02_0464.jpg,774,434,Bile,355,218,473,273
video02_0465.jpg,774,434,SuctionIrrigator,376,185,515,228
video02_0465.jpg,774,434,Bile,354,238,480,283
video02_0467.jpg,774,434,Grasper,112,110,338,294
video02_0467.jpg,774,434,Bile,369,189,478,233
video02_0467.jpg,774,434,SuctionIrrigator,398,143,492,185
video02_0468.jpg,774,434,Bile,407,217,445,263
video02_0468.jpg,774,434,SuctionIrrigator,396,130,452,197
video02_0468.jpg,774,434,Grasper,235,142,391,276
video02_0474.jpg,774,434,Grasper,246,283,351,356
video02_0474.jpg,774,434,SuctionIrrigator,447,212,573,260
video02_0474.jpg,774,434,Bile,365,287,446,367
video02_0475.jpg,774,434,Bile,367,255,389,326
video02_0475.jpg,774,434,Bile,347,330,446,402
video02_0475.jpg,774,434,SuctionIrrigator,438,202,575,257
video02_0475.jpg,774,434,Grasper,257,235,356,306
video02_0476.jpg,774,434,SuctionIrrigator,418,216,548,266
video02_0476.jpg,774,434,Grasper,300,256,394,314
video02_0476.jpg,774,434,Bile,341,329,389,417
video02_0477.jpg,774,434,Grasper,240,275,379,317
video02_0477.jpg,774,434,SuctionIrrigator,430,224,543,272
video02_0478.jpg,774,434,Bile,377,254,404,366
video02_0478.jpg,774,434,Grasper,257,181,410,237
video02_0478.jpg,774,434,SuctionIrrigator,414,177,534,233
video02_0479.jpg,774,434,Bile,440,272,565,398
video02_0479.jpg,774,434,SuctionIrrigator,427,173,562,248
video02_0480.jpg,774,434,Grasper,271,117,483,188
video02_0480.jpg,774,434,SuctionIrrigator,381,365,491,434
video02_0480.jpg,774,434,Bile,438,203,486,320
video02_0481.jpg,774,434,SuctionIrrigator,240,309,296,364
video02_0481.jpg,774,434,Bile,525,99,578,244
video02_0483.jpg,774,434,Bile,513,121,567,216
video02_0483.jpg,774,434,SuctionIrrigator,491,326,545,367
video02_0484.jpg,774,434,SuctionIrrigator,499,341,566,396
video02_0485.jpg,774,434,SuctionIrrigator,473,227,528,282
video02_0487.jpg,774,434,SuctionIrrigator,488,223,566,266
video02_0488.jpg,774,434,Bile,473,216,537,351
video02_0488.jpg,774,434,SuctionIrrigator,505,72,714,185
video02_0489.jpg,774,434,Grasper,428,102,579,162
video02_0489.jpg,774,434,Bile,493,176,596,369
video02_0490.jpg,774,434,Bile,499,208,601,421
video02_0490.jpg,774,434,Grasper,398,97,593,175
video02_0491.jpg,774,434,Grasper,415,116,605,174
video02_0491.jpg,774,434,Bile,495,191,612,414
video02_0492.jpg,774,434,Bile,484,200,603,417
video02_0492.jpg,774,434,Grasper,420,116,600,182
video02_0493.jpg,774,434,Grasper,443,111,607,180
video02_0493.jpg,774,434,Bile,508,202,622,361
video02_0494.jpg,774,434,Bile,510,175,583,236
video02_0509.jpg,774,434,Hook,472,203,620,285
video02_0510.jpg,774,434,Hook,505,224,653,319
video02_0511.jpg,774,434,Hook,520,199,666,264
video02_0512.jpg,774,434,Hook,512,175,651,247
video02_0513.jpg,774,434,Hook,442,165,700,249
video02_0514.jpg,774,434,Grasper,313,106,522,168
video02_0514.jpg,774,434,Hook,478,195,672,276
video02_0515.jpg,774,434,Bile,506,290,564,334
video02_0515.jpg,774,434,Hook,465,192,605,265
video02_0515.jpg,774,434,Grasper,297,105,507,169
video02_0516.jpg,774,434,Grasper,287,96,502,166
video02_0516.jpg,774,434,Bile,408,163,483,309
video02_0516.jpg,774,434,Hook,497,193,624,258
video02_0517.jpg,774,434,Grasper,266,101,496,166
video02_0517.jpg,774,434,Bile,416,182,463,316
video02_0517.jpg,774,434,Hook,461,188,550,245
video02_0518.jpg,774,434,Bile,409,205,447,321
video02_0518.jpg,774,434,Grasper,235,111,486,177
video02_0521.jpg,774,434,Hook,387,236,484,295
video02_0522.jpg,774,434,Hook,409,247,512,311
video02_0523.jpg,774,434,Hook,440,269,544,323
video02_0524.jpg,774,434,Hook,438,251,542,309
video02_0525.jpg,774,434,Hook,420,243,527,297
video02_0526.jpg,774,434,Hook,427,248,541,298
video02_0527.jpg,774,434,Hook,414,242,536,314
video02_0528.jpg,774,434,Hook,439,223,573,303
video02_0529.jpg,774,434,Hook,472,215,596,288
video02_0531.jpg,774,434,Hook,506,213,656,281
video02_0532.jpg,774,434,Hook,483,216,639,279
video02_0538.jpg,774,434,Hook,422,252,577,337
video02_0539.jpg,774,434,Hook,480,194,632,273
video02_0540.jpg,774,434,Hook,509,232,629,301
video02_0541.jpg,774,434,Bile,514,263,580,330
video02_0541.jpg,774,434,Bile,425,203,490,310
video02_0541.jpg,774,434,Grasper,223,94,534,183
video02_0541.jpg,774,434,Hook,498,188,595,253
video02_0542.jpg,774,434,Hook,479,152,536,219
video02_0542.jpg,774,434,Grasper,261,87,504,181
video02_0542.jpg,774,434,Bile,425,236,544,335
video02_0550.jpg,774,434,Hook,475,193,655,274
video02_0551.jpg,774,434,Hook,467,230,700,334
video02_0552.jpg,774,434,Grasper,227,89,549,160
video02_0552.jpg,774,434,Bile,449,176,547,247
video02_0552.jpg,774,434,Hook,465,238,674,307
video02_0553.jpg,774,434,Bile,523,293,615,332
video02_0553.jpg,774,434,Bile,424,179,473,228
video02_0553.jpg,774,434,Grasper,346,94,544,152
video02_0553.jpg,774,434,Bile,425,243,586,285
video02_0553.jpg,774,434,Hook,484,170,599,231
video02_0554.jpg,774,434,Bile,419,219,568,282
video02_0554.jpg,774,434,Hook,490,156,571,214
video02_0554.jpg,774,434,Grasper,376,88,540,158
video02_0558.jpg,774,434,Hook,424,219,667,299
video02_0559.jpg,774,434,Grasper,281,55,554,143
video02_0559.jpg,774,434,Hook,457,160,641,253
video02_0560.jpg,774,434,Grasper,356,40,560,135
video02_0560.jpg,774,434,Hook,430,161,588,248
video02_0561.jpg,774,434,Bile,508,219,598,299
video02_0561.jpg,774,434,Grasper,359,23,562,122
video02_0561.jpg,774,434,Hook,464,118,630,208
video02_0562.jpg,774,434,Bile,522,222,603,299
video02_0562.jpg,774,434,Hook,468,142,582,210
video02_0568.jpg,774,434,Hook,444,149,574,215
video02_0569.jpg,774,434,Hook,435,138,517,203
video02_0574.jpg,774,434,Hook,371,110,489,178
video02_0575.jpg,774,434,Hook,416,110,569,171
video02_0576.jpg,774,434,Hook,423,102,566,163
video02_0577.jpg,774,434,Hook,394,115,504,177
video02_0579.jpg,774,434,Hook,364,66,474,149
video02_0580.jpg,774,434,Bile,511,82,558,279
video02_0580.jpg,774,434,Hook,344,63,440,136
video02_0581.jpg,774,434,Bile,508,82,554,263
video02_0581.jpg,774,434,Hook,347,54,437,136
video02_0582.jpg,774,434,Hook,302,57,425,148
video02_0582.jpg,774,434,Bile,522,65,567,296
video02_0583.jpg,774,434,Bile,533,107,571,303
video02_0583.jpg,774,434,Hook,389,46,501,142
video02_0584.jpg,774,434,Hook,393,92,478,167
video02_0584.jpg,774,434,Bile,528,125,573,268
video02_0585.jpg,774,434,Bile,525,95,565,307
video02_0585.jpg,774,434,Hook,385,79,460,160
video02_0586.jpg,774,434,Hook,335,74,413,151
video02_0586.jpg,774,434,Bile,491,67,566,253
video02_0587.jpg,774,434,Bile,474,29,547,195
video02_0587.jpg,774,434,Hook,320,32,402,119
video02_0588.jpg,774,434,Hook,293,56,391,146
video02_0588.jpg,774,434,Bile,486,32,545,243
video02_0589.jpg,774,434,Bile,458,58,547,227
video02_0589.jpg,774,434,Hook,292,64,385,145
video02_0590.jpg,774,434,Hook,269,55,369,145
video02_0590.jpg,774,434,Bile,467,49,532,226
video02_0591.jpg,774,434,Bile,471,63,539,243
video02_0591.jpg,774,434,Hook,283,77,370,150
video02_0592.jpg,774,434,Hook,254,77,345,156
video02_0592.jpg,774,434,Bile,451,61,524,259
video02_0593.jpg,774,434,Bile,454,61,523,247
video02_0593.jpg,774,434,Hook,262,90,350,164
video02_0594.jpg,774,434,Hook,264,74,349,158
video02_0594.jpg,774,434,Bile,466,46,532,280
video02_0595.jpg,774,434,Hook,269,59,353,157
video02_0596.jpg,774,434,Hook,277,86,350,158
video02_0597.jpg,774,434,Hook,286,71,368,148
video02_0598.jpg,774,434,Hook,283,60,368,142
video02_0599.jpg,774,434,Hook,296,60,399,154
video02_0600.jpg,774,434,Hook,301,69,381,152
video02_0601.jpg,774,434,Hook,293,49,401,147
video02_0603.jpg,774,434,Hook,263,53,375,163
video02_0604.jpg,774,434,Hook,458,122,607,188
video02_0605.jpg,774,434,Hook,442,61,587,145
video02_0606.jpg,774,434,Hook,504,91,655,171
video02_0607.jpg,774,434,Hook,526,90,681,170
video02_0608.jpg,774,434,Hook,500,55,655,147
video02_0609.jpg,774,434,Hook,519,52,674,157
video02_0613.jpg,774,434,Hook,465,95,673,185
video02_0614.jpg,774,434,Hook,435,60,615,161
video02_0615.jpg,774,434,Hook,424,68,643,169
video02_0616.jpg,774,434,Hook,439,87,718,220
video02_0617.jpg,774,434,Hook,477,100,707,227
video02_0618.jpg,774,434,Hook,463,137,649,237
video02_0619.jpg,774,434,Hook,472,143,624,228
video02_0620.jpg,774,434,Hook,471,133,589,223
video02_0621.jpg,774,434,Hook,465,137,615,207
video02_0622.jpg,774,434,Hook,458,114,601,197
video02_0623.jpg,774,434,Hook,462,108,598,208
video02_0624.jpg,774,434,Hook,463,80,624,164
video02_0625.jpg,774,434,Hook,479,71,636,167
video02_0626.jpg,774,434,Hook,486,73,642,157
video02_0627.jpg,774,434,Hook,514,147,686,239
video02_0628.jpg,774,434,Hook,495,121,679,223
video02_0629.jpg,774,434,Hook,555,97,725,198
video02_0630.jpg,774,434,Hook,533,91,709,211
video02_0631.jpg,774,434,Hook,553,164,732,252
video02_0632.jpg,774,434,Hook,569,114,750,200
video02_0633.jpg,774,434,Hook,524,111,695,203
video02_0634.jpg,774,434,Hook,550,130,710,230
video02_0635.jpg,774,434,Hook,519,127,673,224
video02_0636.jpg,774,434,Hook,487,113,658,205
video02_0637.jpg,774,434,Hook,469,89,618,203
video02_0638.jpg,774,434,Hook,444,87,618,192
video02_0639.jpg,774,434,Hook,453,108,636,201
video02_0640.jpg,774,434,Hook,464,68,701,204
video02_0641.jpg,774,434,Hook,504,103,681,214
video02_0642.jpg,774,434,Hook,482,107,645,196
video02_0643.jpg,774,434,Hook,426,64,602,187
video02_0644.jpg,774,434,Hook,432,109,569,202
video02_0656.jpg,774,434,Hook,507,60,667,192
video02_0661.jpg,774,434,Hook,374,67,501,164
video02_0662.jpg,774,434,Hook,373,73,487,177
video02_0663.jpg,774,434,Hook,429,34,602,178
video02_0664.jpg,774,434,Hook,463,63,620,186
video02_0668.jpg,774,434,Hook,477,129,597,203
video02_0668.jpg,774,434,Bile,522,203,571,256
video02_0668.jpg,774,434,Bile,521,11,590,96
video02_0675.jpg,774,434,Grasper,366,29,583,134
video02_0675.jpg,774,434,Bile,438,151,579,251
video02_0675.jpg,774,434,Hook,541,238,731,347
video02_0676.jpg,774,434,Hook,468,263,708,390
video02_0678.jpg,774,434,Hook,430,235,708,364
video02_0679.jpg,774,434,Hook,340,98,645,233
video02_0688.jpg,774,434,Bile,347,220,430,377
video02_0689.jpg,774,434,Bile,388,260,448,385
video02_0690.jpg,774,434,Bile,355,223,407,309
video02_0693.jpg,774,434,Hook,509,205,674,269
video02_0694.jpg,774,434,Hook,496,257,657,332
video02_0695.jpg,774,434,Hook,457,320,590,398
video02_0696.jpg,774,434,Hook,480,348,642,430
video02_0697.jpg,774,434,Hook,527,211,694,292
video02_0710.jpg,774,434,Bile,250,310,465,370
video02_0711.jpg,774,434,Bile,241,304,362,375
video02_0712.jpg,774,434,Bile,245,326,382,389
video02_0713.jpg,774,434,Bile,213,325,341,391
video02_0714.jpg,774,434,Bile,241,354,365,419
video02_0715.jpg,774,434,Bile,216,316,369,396
video02_0716.jpg,774,434,Bile,193,276,290,326
video02_0717.jpg,774,434,SuctionIrrigator,284,237,386,282
video02_0717.jpg,774,434,Bile,215,296,313,332
video02_0718.jpg,774,434,SuctionIrrigator,352,296,404,329
video02_0719.jpg,774,434,SuctionIrrigator,364,326,400,353
video02_0723.jpg,774,434,SuctionIrrigator,337,102,450,193
video02_0724.jpg,774,434,SuctionIrrigator,508,304,599,369
video02_0727.jpg,774,434,SuctionIrrigator,471,201,535,240
video02_0729.jpg,774,434,SuctionIrrigator,491,212,554,242
video02_0730.jpg,774,434,SuctionIrrigator,481,222,541,256
video02_0731.jpg,774,434,SuctionIrrigator,429,268,476,303
video02_0732.jpg,774,434,Bile,382,302,448,432
video02_0732.jpg,774,434,Grasper,285,228,469,283
video02_0732.jpg,774,434,SuctionIrrigator,477,231,534,274
video02_0733.jpg,774,434,Grasper,251,255,375,348
video02_0733.jpg,774,434,SuctionIrrigator,396,281,482,318
video02_0734.jpg,774,434,Grasper,235,98,422,235
video02_0734.jpg,774,434,SuctionIrrigator,426,187,487,237
video02_0735.jpg,774,434,SuctionIrrigator,428,162,468,208
video02_0735.jpg,774,434,Grasper,223,104,414,237
video02_0743.jpg,774,434,Grasper,211,262,412,329
video02_0743.jpg,774,434,SuctionIrrigator,511,191,653,270
video02_0744.jpg,774,434,SuctionIrrigator,450,205,607,299
video02_0745.jpg,774,434,SuctionIrrigator,372,130,483,213
video02_0746.jpg,774,434,SuctionIrrigator,427,93,514,164
video02_0756.jpg,774,434,SuctionIrrigator,336,175,420,246
video02_0760.jpg,774,434,Bile,318,275,416,335
video02_0765.jpg,774,434,SuctionIrrigator,499,285,557,334
video02_0767.jpg,774,434,SuctionIrrigator,446,334,506,388
video02_0770.jpg,774,434,SuctionIrrigator,533,217,634,276
video02_0771.jpg,774,434,SuctionIrrigator,542,212,627,268
video02_0772.jpg,774,434,SuctionIrrigator,516,169,602,223
video02_0773.jpg,774,434,SuctionIrrigator,418,155,515,207
video02_0788.jpg,774,434,Grasper,228,195,400,304
video02_0789.jpg,774,434,Grasper,314,252,474,356
video02_0790.jpg,774,434,Grasper,346,258,484,346
video02_0791.jpg,774,434,Grasper,382,243,496,324
video02_0796.jpg,774,434,Grasper,222,137,433,217
video02_0814.jpg,774,434,Hook,415,271,674,409
video02_0814.jpg,774,434,Grasper,159,280,377,350
video02_0815.jpg,774,434,Hook,337,297,516,403
video02_0816.jpg,774,434,Hook,361,323,498,397
video02_0817.jpg,774,434,Hook,356,330,492,396
video02_0821.jpg,774,434,Hook,413,338,552,420
video02_0822.jpg,774,434,Hook,395,329,524,402
video02_0823.jpg,774,434,Hook,377,331,482,388
video02_0828.jpg,774,434,Hook,417,215,551,300
video02_0829.jpg,774,434,Hook,427,323,596,416
video02_0830.jpg,774,434,Hook,415,311,548,392
video02_0831.jpg,774,434,Hook,393,340,529,419
video02_0832.jpg,774,434,Hook,408,288,518,348
video02_0833.jpg,774,434,Hook,435,281,542,341
video02_0834.jpg,774,434,Hook,435,256,562,324
video02_0835.jpg,774,434,Hook,439,266,546,326
video02_0836.jpg,774,434,Hook,433,249,515,320
video02_0837.jpg,774,434,Hook,427,268,562,338
video02_0838.jpg,774,434,Hook,436,270,554,325
video02_0839.jpg,774,434,Hook,428,266,545,333
video02_0840.jpg,774,434,Hook,442,219,536,307
video02_0841.jpg,774,434,Hook,419,229,536,296
video02_0842.jpg,774,434,Hook,413,246,530,313
video02_0843.jpg,774,434,Hook,428,254,560,333
video02_0844.jpg,774,434,Hook,445,234,565,325
video02_0845.jpg,774,434,Hook,443,254,596,335
video02_0846.jpg,774,434,Hook,428,253,565,333
video02_0847.jpg,774,434,Hook,446,263,610,342
video02_0848.jpg,774,434,Hook,487,273,696,387
video02_0849.jpg,774,434,Hook,392,306,522,392
video02_0850.jpg,774,434,Hook,388,258,486,316
video02_0851.jpg,774,434,Hook,435,188,569,270
video02_0852.jpg,774,434,Hook,440,204,588,268
video02_0853.jpg,774,434,Hook,407,177,557,280
video02_0854.jpg,774,434,Hook,394,159,562,252
video02_0855.jpg,774,434,Hook,437,198,622,289
video02_0856.jpg,774,434,Hook,580,179,743,306
video02_0857.jpg,774,434,Hook,536,201,743,294
video02_0858.jpg,774,434,Hook,489,299,662,373
video02_0859.jpg,774,434,Hook,446,331,630,419
video02_0860.jpg,774,434,Hook,446,279,587,365
video02_0861.jpg,774,434,Hook,458,258,596,329
video02_0862.jpg,774,434,Hook,362,218,565,307
video02_0863.jpg,774,434,Hook,381,223,555,304
video02_0864.jpg,774,434,Hook,441,259,610,347
video02_0865.jpg,774,434,Hook,516,264,701,355
video02_0866.jpg,774,434,Hook,426,259,587,351
video02_0867.jpg,774,434,Hook,400,267,564,355
video02_0868.jpg,774,434,Hook,355,253,503,350
video02_0869.jpg,774,434,Hook,325,221,433,317
video02_0870.jpg,774,434,Hook,332,219,446,315
video02_0871.jpg,774,434,Hook,346,186,499,264
video02_0872.jpg,774,434,Hook,361,124,493,215
video02_0873.jpg,774,434,Hook,411,59,632,190
video02_0874.jpg,774,434,Hook,342,200,504,274
video02_0875.jpg,774,434,Hook,319,237,455,336
video02_0876.jpg,774,434,Hook,284,344,409,430
video02_0877.jpg,774,434,Hook,259,350,375,434
video02_0878.jpg,774,434,Hook,293,261,468,361
video02_0879.jpg,774,434,Hook,277,322,424,434
video02_0880.jpg,774,434,Hook,299,337,436,425
video02_0881.jpg,774,434,Hook,258,327,402,425
video02_0882.jpg,774,434,Hook,254,328,386,434
video02_0883.jpg,774,434,Hook,285,297,357,394
video02_0884.jpg,774,434,Hook,319,279,443,355
video02_0885.jpg,774,434,Hook,359,271,499,364
video02_0886.jpg,774,434,Hook,337,268,447,364
video02_0887.jpg,774,434,Hook,331,250,484,332
video02_0889.jpg,774,434,Hook,370,239,506,333
video02_0894.jpg,774,434,Hook,357,336,513,434
video02_0895.jpg,774,434,Hook,368,351,531,434
video02_0896.jpg,774,434,Hook,359,311,495,411
video02_0897.jpg,774,434,Hook,352,311,490,422
video02_0898.jpg,774,434,Hook,348,300,448,370
video02_0900.jpg,774,434,Hook,360,191,494,260
video02_0901.jpg,774,434,Hook,365,243,454,307
video02_0902.jpg,774,434,Hook,378,210,556,335
video02_0903.jpg,774,434,Hook,345,244,459,342
video02_0904.jpg,774,434,Hook,348,277,445,374
video02_0905.jpg,774,434,Hook,347,257,426,325
video02_0907.jpg,774,434,Hook,391,225,500,299
video02_0908.jpg,774,434,Hook,301,298,388,409
video02_0909.jpg,774,434,Hook,305,320,404,434
video02_0910.jpg,774,434,Hook,301,323,409,408
video02_0911.jpg,774,434,Hook,306,299,425,385
video02_0912.jpg,774,434,Hook,318,249,395,325
video02_0913.jpg,774,434,Hook,346,212,438,291
video02_0914.jpg,774,434,Hook,363,179,478,282
video02_0915.jpg,774,434,Hook,388,163,499,252
video02_0916.jpg,774,434,Hook,363,172,489,252
video02_0917.jpg,774,434,Hook,359,127,484,224
video02_0918.jpg,774,434,Hook,346,321,500,426
video02_0919.jpg,774,434,Hook,309,317,396,402
video02_0920.jpg,774,434,Hook,309,265,372,333
video02_0921.jpg,774,434,Hook,362,235,481,311
video02_0922.jpg,774,434,Hook,351,151,470,246
video02_0923.jpg,774,434,Hook,363,201,493,279
video02_0924.jpg,774,434,Hook,300,127,443,229
video02_0925.jpg,774,434,Hook,440,185,595,271
video02_0926.jpg,774,434,Hook,359,270,465,374
video02_0927.jpg,774,434,Hook,328,279,419,369
video02_0928.jpg,774,434,Hook,325,240,391,303
video02_0929.jpg,774,434,Hook,362,150,491,235
video02_0930.jpg,774,434,Hook,354,158,494,253
video02_0931.jpg,774,434,Hook,347,177,486,254
video02_0932.jpg,774,434,Hook,356,281,491,416
video02_0933.jpg,774,434,Hook,306,314,403,402
video02_0934.jpg,774,434,Hook,298,267,371,340
video02_0935.jpg,774,434,Hook,353,217,435,294
video02_0936.jpg,774,434,Hook,371,189,483,285
video02_0937.jpg,774,434,Hook,380,174,514,273
video02_0938.jpg,774,434,Hook,341,171,492,266
video02_0939.jpg,774,434,Hook,337,259,433,346
video02_0940.jpg,774,434,Hook,317,260,404,323
video02_0941.jpg,774,434,Hook,358,176,461,261
video02_0942.jpg,774,434,Hook,362,161,482,241
video02_0943.jpg,774,434,Hook,382,144,500,229
video02_0944.jpg,774,434,Hook,391,146,516,232
video02_0945.jpg,774,434,Hook,410,133,539,255
video02_0946.jpg,774,434,Hook,341,256,539,434
video02_0947.jpg,774,434,Hook,314,281,400,371
video02_0948.jpg,774,434,Hook,346,313,445,399
video02_0950.jpg,774,434,Hook,347,213,441,280
video02_0951.jpg,774,434,Hook,345,184,430,268
video02_0952.jpg,774,434,Hook,324,214,431,300
video02_0953.jpg,774,434,Hook,374,184,454,263
video02_0954.jpg,774,434,Hook,394,171,493,234
video02_0955.jpg,774,434,Hook,414,151,531,238
video02_0956.jpg,774,434,Hook,431,192,537,282
video02_0957.jpg,774,434,Hook,423,179,536,267
video02_0958.jpg,774,434,Hook,463,147,680,253
video02_0959.jpg,774,434,Hook,370,251,524,398
video02_0960.jpg,774,434,Hook,336,348,515,434
video02_0961.jpg,774,434,Hook,328,331,473,434
video02_0962.jpg,774,434,Hook,311,257,405,347
video02_0963.jpg,774,434,Hook,316,288,391,348
video02_0971.jpg,774,434,Hook,392,215,507,310
video02_0972.jpg,774,434,Hook,307,298,377,378
video02_0973.jpg,774,434,Hook,358,296,441,353
video02_0974.jpg,774,434,Hook,353,301,420,369
video02_0982.jpg,774,434,Hook,353,213,432,308
video02_0983.jpg,774,434,Hook,342,186,429,265
video02_0984.jpg,774,434,Hook,352,102,457,211
video02_0985.jpg,774,434,Hook,313,286,423,367
video02_0986.jpg,774,434,Hook,334,334,432,406
video02_0987.jpg,774,434,Hook,368,262,442,336
video02_0996.jpg,774,434,Hook,410,184,564,292
video02_0997.jpg,774,434,Hook,382,322,511,395
video02_0998.jpg,774,434,Hook,416,295,512,384
video02_0999.jpg,774,434,Hook,411,290,515,357
video02_1003.jpg,774,434,Hook,407,217,561,301
video02_1004.jpg,774,434,Hook,410,219,517,297
video02_1005.jpg,774,434,Hook,410,137,576,227
video02_1006.jpg,774,434,Hook,396,266,576,361
video02_1007.jpg,774,434,Hook,401,300,500,364
video02_1008.jpg,774,434,Hook,396,302,468,370
video02_1009.jpg,774,434,Hook,415,295,538,388
video02_1012.jpg,774,434,Hook,494,193,729,300
video02_1013.jpg,774,434,Hook,441,199,679,380
video02_1014.jpg,774,434,Hook,586,163,727,288
video02_1015.jpg,774,434,Hook,588,180,733,270
video02_1016.jpg,774,434,Hook,578,144,734,258
video02_1017.jpg,774,434,Hook,537,103,720,269
video02_1018.jpg,774,434,Bile,371,11,561,132
video02_1018.jpg,774,434,Hook,584,116,723,214
video02_1019.jpg,774,434,Bile,412,7,530,138
video02_1020.jpg,774,434,Bile,421,9,553,139
video02_1021.jpg,774,434,Bile,402,19,562,102
video02_1021.jpg,774,434,Hook,555,128,772,261
video02_1022.jpg,774,434,Bile,404,17,518,114
video02_1022.jpg,774,434,Hook,525,59,713,196
video02_1023.jpg,774,434,Bile,440,10,534,247
video02_1024.jpg,774,434,Bile,434,19,517,130
video02_1025.jpg,774,434,Bile,402,2,505,76
video02_1026.jpg,774,434,Bile,406,20,509,96
video02_1027.jpg,774,434,Hook,372,35,548,192
video02_1028.jpg,774,434,Bile,434,18,578,113
video02_1028.jpg,774,434,Hook,531,135,754,266
video02_1029.jpg,774,434,Bile,438,9,596,143
video02_1029.jpg,774,434,Hook,628,192,774,284
video02_1030.jpg,774,434,Bile,430,2,591,204
video02_1030.jpg,774,434,Hook,621,128,748,232
video02_1031.jpg,774,434,Bile,420,10,560,202
video02_1031.jpg,774,434,Hook,596,120,774,198
video02_1032.jpg,774,434,Bile,429,17,548,154
video02_1032.jpg,774,434,Hook,612,49,735,139
video02_1033.jpg,774,434,Hook,570,15,714,114
video02_1033.jpg,774,434,Bile,421,16,547,162
video02_1034.jpg,774,434,Bile,388,13,519,184
video02_1034.jpg,774,434,Hook,539,23,707,121
video02_1035.jpg,774,434,Hook,466,41,697,158
video02_1035.jpg,774,434,Bile,379,8,494,124
video02_1036.jpg,774,434,Bile,421,19,570,106
video02_1036.jpg,774,434,Hook,474,128,720,214
video02_1037.jpg,774,434,Hook,443,100,722,227
video02_1037.jpg,774,434,Bile,418,5,526,122
video02_1038.jpg,774,434,Bile,398,19,564,114
video02_1038.jpg,774,434,Hook,473,137,712,243
video02_1039.jpg,774,434,Hook,613,109,743,212
video02_1039.jpg,774,434,Bile,386,13,610,172
video02_1040.jpg,774,434,Bile,377,19,600,178
video02_1040.jpg,774,434,Hook,627,94,748,167
video02_1041.jpg,774,434,Bile,411,16,680,203
video02_1042.jpg,774,434,Hook,606,99,750,198
video02_1042.jpg,774,434,Bile,410,19,571,194
video02_1043.jpg,774,434,Hook,710,130,763,215
video02_1043.jpg,774,434,Bile,407,10,663,209
video02_1044.jpg,774,434,Bile,424,16,597,117
video02_1044.jpg,774,434,Hook,654,138,761,251
video02_1045.jpg,774,434,Hook,639,102,748,175
video02_1045.jpg,774,434,Bile,434,3,557,163
video02_1046.jpg,774,434,Hook,650,59,739,119
video02_1046.jpg,774,434,Bile,397,4,607,182
video02_1047.jpg,774,434,Bile,382,1,558,183
video02_1047.jpg,774,434,Hook,592,40,704,108
video02_1048.jpg,774,434,Hook,535,44,636,105
video02_1048.jpg,774,434,Bile,391,5,529,191
video02_1049.jpg,774,434,Bile,420,13,557,111
video02_1049.jpg,774,434,Hook,498,136,659,216
video02_1055.jpg,774,434,Bile,420,5,583,225
video02_1055.jpg,774,434,Blood,595,134,676,245
video02_1056.jpg,774,434,Hook,644,106,737,181
video02_1056.jpg,774,434,Blood,614,104,661,231
video02_1056.jpg,774,434,Bile,437,9,603,200
video02_1057.jpg,774,434,Bile,410,6,593,217
video02_1057.jpg,774,434,Blood,602,97,633,238
video02_1057.jpg,774,434,Hook,638,122,742,198
video02_1058.jpg,774,434,Hook,619,102,747,183
video02_1058.jpg,774,434,Blood,591,93,645,234
video02_1058.jpg,774,434,Bile,428,5,583,214
video02_1059.jpg,774,434,Blood,599,175,670,253
video02_1059.jpg,774,434,Bile,419,11,587,243
video02_1060.jpg,774,434,Bile,436,12,596,213
video02_1060.jpg,774,434,Blood,598,185,680,282
video02_1061.jpg,774,434,Bile,451,19,598,252
video02_1061.jpg,774,434,Blood,606,168,714,323
video02_1062.jpg,774,434,Bile,440,18,622,285
video02_1062.jpg,774,434,Blood,599,186,717,354
video02_1063.jpg,774,434,Bile,443,16,611,264
video02_1063.jpg,774,434,Blood,604,209,715,334
video02_1064.jpg,774,434,Bile,468,10,628,277
video02_1064.jpg,774,434,Blood,614,215,721,303
video02_1065.jpg,774,434,Bile,505,10,645,278
video02_1065.jpg,774,434,Blood,633,237,716,327
video02_1066.jpg,774,434,Bile,481,4,622,278
video02_1066.jpg,774,434,Blood,598,187,703,336
video02_1067.jpg,774,434,Bile,493,10,606,289
video02_1067.jpg,774,434,Blood,591,213,691,364
video02_1068.jpg,774,434,Blood,619,241,686,356
video02_1068.jpg,774,434,Bile,496,8,616,308
video02_1069.jpg,774,434,Bile,520,9,644,261
video02_1069.jpg,774,434,Blood,657,206,723,299
video02_1070.jpg,774,434,Bile,547,10,700,196
video02_1071.jpg,774,434,Bile,555,13,697,199
video02_1072.jpg,774,434,Bile,548,19,643,250
video02_1073.jpg,774,434,Blood,602,205,673,298
video02_1073.jpg,774,434,Bile,512,9,654,158
video02_1074.jpg,774,434,Bile,461,14,574,176
video02_1074.jpg,774,434,Blood,566,198,627,307
video02_1075.jpg,774,434,Blood,604,207,642,280
video02_1075.jpg,774,434,Bile,434,22,584,257
video02_1076.jpg,774,434,Bile,467,29,579,145
video02_1076.jpg,774,434,Blood,544,151,635,278
video02_1077.jpg,774,434,Blood,554,209,631,306
video02_1077.jpg,774,434,Bile,458,12,632,165
video02_1078.jpg,774,434,Bile,498,19,629,163
video02_1078.jpg,774,434,Blood,554,204,627,298
video02_1094.jpg,774,434,Bile,366,15,636,286
video02_1094.jpg,774,434,Blood,517,246,705,434
video02_1095.jpg,774,434,Blood,520,249,663,392
video02_1095.jpg,774,434,Bile,342,17,648,257
video02_1096.jpg,774,434,Bile,347,27,603,280
video02_1096.jpg,774,434,Blood,507,243,645,395
video02_1097.jpg,774,434,Blood,522,231,648,347
video02_1097.jpg,774,434,Bile,379,11,630,189
video02_1098.jpg,774,434,Bile,368,10,695,222
video02_1098.jpg,774,434,Blood,564,215,692,343
video02_1099.jpg,774,434,Blood,559,234,668,383
video02_1099.jpg,774,434,Bile,412,10,699,181
video02_1100.jpg,774,434,Bile,358,20,741,277
video02_1100.jpg,774,434,Blood,538,239,701,405
video02_1120.jpg,774,434,Grasper,365,38,628,255
video02_1137.jpg,774,434,Bipolar,396,235,685,371
video02_1137.jpg,774,434,Bile,317,5,503,168
video02_1138.jpg,774,434,Bipolar,431,132,678,285
video02_1139.jpg,774,434,Bipolar,474,136,680,282
video02_1140.jpg,774,434,Bipolar,447,121,602,251
video02_1141.jpg,774,434,Bipolar,469,152,611,235
video02_1142.jpg,774,434,Bipolar,457,151,597,236
video02_1143.jpg,774,434,Bipolar,452,124,608,217
video02_1144.jpg,774,434,Bipolar,414,137,601,260
video02_1145.jpg,774,434,Bipolar,465,145,649,245
video02_1146.jpg,774,434,Bipolar,469,145,647,247
video02_1147.jpg,774,434,Bipolar,400,92,641,218
video02_1150.jpg,774,434,Blood,382,257,517,334
video02_1150.jpg,774,434,Bipolar,495,186,738,352
video02_1151.jpg,774,434,Blood,388,326,479,361
video02_1151.jpg,774,434,Bipolar,372,226,593,371
video02_1152.jpg,774,434,Blood,359,282,460,323
video02_1152.jpg,774,434,Bipolar,319,309,454,400
video02_1153.jpg,774,434,Bipolar,326,304,439,400
video02_1153.jpg,774,434,Blood,347,234,523,337
video02_1154.jpg,774,434,Bipolar,362,264,521,398
video02_1155.jpg,774,434,Bipolar,311,273,504,411
video02_1156.jpg,774,434,Bipolar,377,202,543,339
video02_1157.jpg,774,434,Blood,345,291,486,369
video02_1157.jpg,774,434,Bipolar,311,165,531,279
video02_1158.jpg,774,434,Bipolar,274,194,475,305
video02_1158.jpg,774,434,Blood,263,301,438,405
video02_1159.jpg,774,434,Bipolar,295,209,460,315
video02_1160.jpg,774,434,Bipolar,297,206,416,302
video02_1161.jpg,774,434,Bipolar,287,177,505,289
video02_1162.jpg,774,434,Blood,328,238,484,334
video02_1163.jpg,774,434,Blood,312,265,469,361
video02_1164.jpg,774,434,Blood,339,249,524,370
video02_1165.jpg,774,434,Blood,405,282,559,370
video02_1166.jpg,774,434,Blood,373,270,512,374
video02_1167.jpg,774,434,Blood,402,286,539,390
video02_1168.jpg,774,434,Blood,389,308,522,426
video02_1169.jpg,774,434,Blood,423,298,549,412
video02_1173.jpg,774,434,Blood,450,268,564,355
video02_1174.jpg,774,434,Blood,391,231,536,337
video02_1175.jpg,774,434,Blood,395,193,533,306
video02_1176.jpg,774,434,Blood,384,176,537,293
video02_1177.jpg,774,434,SuctionIrrigator,336,149,478,246
video02_1178.jpg,774,434,Blood,375,196,435,269
video02_1178.jpg,774,434,SuctionIrrigator,460,236,530,284
video02_1179.jpg,774,434,SuctionIrrigator,399,160,463,230
video02_1180.jpg,774,434,SuctionIrrigator,310,216,390,291
video02_1181.jpg,774,434,Blood,229,162,352,312
video02_1181.jpg,774,434,SuctionIrrigator,368,238,493,330
video02_1182.jpg,774,434,SuctionIrrigator,329,181,421,272
video02_1183.jpg,774,434,SuctionIrrigator,433,207,560,292
video02_1184.jpg,774,434,SuctionIrrigator,254,324,413,412
video02_1185.jpg,774,434,SuctionIrrigator,296,294,406,388
video02_1186.jpg,774,434,SuctionIrrigator,423,295,601,378
video02_1187.jpg,774,434,SuctionIrrigator,481,191,724,346
video02_1188.jpg,774,434,SuctionIrrigator,450,192,662,304
video02_1219.jpg,774,434,Hook,313,194,422,297
video02_1220.jpg,774,434,Hook,480,173,631,263
video02_1221.jpg,774,434,Hook,491,197,764,317
video02_1222.jpg,774,434,Hook,508,247,734,365
video02_1223.jpg,774,434,Hook,485,209,734,288
video02_1224.jpg,774,434,Hook,435,231,735,358
video02_1225.jpg,774,434,Hook,433,228,666,372
video02_1226.jpg,774,434,Hook,350,241,652,411
video02_1227.jpg,774,434,Hook,382,273,579,404
video02_1233.jpg,774,434,Hook,445,65,708,330
video02_1234.jpg,774,434,Hook,405,270,708,434
video02_1237.jpg,774,434,Hook,365,297,645,434
video02_1239.jpg,774,434,Blood,357,221,568,323
video02_1259.jpg,774,434,Hook,421,269,609,403
video02_1266.jpg,774,434,Hook,396,292,572,434
video02_1267.jpg,774,434,Hook,306,331,526,425
video02_1268.jpg,774,434,Hook,318,4,440,134
video02_1269.jpg,774,434,Hook,343,195,563,386
video02_1270.jpg,774,434,Hook,319,35,544,167
video02_1271.jpg,774,434,Hook,372,192,638,332
video02_1272.jpg,774,434,Hook,347,26,560,183
video02_1273.jpg,774,434,Hook,345,162,686,315
video02_1274.jpg,774,434,Hook,388,208,641,377
video02_1275.jpg,774,434,Hook,360,134,625,344
video02_1292.jpg,774,434,Hook,368,35,676,200
video02_1293.jpg,774,434,Hook,370,17,583,183
video02_1294.jpg,774,434,Hook,386,33,602,177
video02_1295.jpg,774,434,Hook,380,17,619,162
video02_1296.jpg,774,434,Hook,401,24,599,161
video02_1297.jpg,774,434,Bile,345,202,457,313
video02_1298.jpg,774,434,Hook,383,216,617,382
video02_1298.jpg,774,434,Bile,361,251,457,335
video02_1299.jpg,774,434,Bile,374,222,422,294
video02_1299.jpg,774,434,Hook,358,190,541,329
video02_1300.jpg,774,434,Hook,319,287,488,425
video02_1300.jpg,774,434,Bile,353,242,401,274
video02_1301.jpg,774,434,Bile,378,222,432,293
video02_1301.jpg,774,434,Hook,447,243,613,367
video02_1304.jpg,774,434,Bile,393,214,440,285
video02_1304.jpg,774,434,Hook,449,207,665,314
video02_1310.jpg,774,434,Bile,404,16,508,388
video02_1311.jpg,774,434,Bile,341,15,632,377
video02_1312.jpg,774,434,Bile,353,25,646,410
video02_1313.jpg,774,434,Bile,403,22,605,380
video02_1314.jpg,774,434,Bile,447,39,586,345
video02_1316.jpg,774,434,Hook,513,112,703,196
video02_1317.jpg,774,434,Hook,592,246,719,347
video02_1317.jpg,774,434,Bile,460,25,583,332
video02_1318.jpg,774,434,Hook,545,183,707,283
video02_1318.jpg,774,434,Bile,418,13,541,323
video02_1319.jpg,774,434,Hook,510,111,726,212
video02_1319.jpg,774,434,Bile,435,9,511,322
video02_1320.jpg,774,434,Hook,555,122,759,229
video02_1320.jpg,774,434,Bile,413,8,540,288
video02_1321.jpg,774,434,Hook,534,128,737,225
video02_1321.jpg,774,434,Bile,415,14,528,333
video02_1322.jpg,774,434,Hook,508,153,733,253
video02_1322.jpg,774,434,Bile,397,9,505,346
video02_1323.jpg,774,434,Bile,419,4,480,370
video02_1323.jpg,774,434,Hook,478,108,678,241
video02_1324.jpg,774,434,Hook,389,134,565,234
video02_1324.jpg,774,434,Bile,345,3,515,113
video02_1325.jpg,774,434,Bile,415,24,503,380
video02_1325.jpg,774,434,Hook,445,151,590,211
video02_1326.jpg,774,434,Bile,422,12,532,383
video02_1326.jpg,774,434,Hook,475,184,606,262
video02_1327.jpg,774,434,Hook,525,139,638,234
video02_1327.jpg,774,434,Bile,396,13,517,369
video02_1328.jpg,774,434,Bile,410,23,534,375
video02_1328.jpg,774,434,Hook,467,168,691,249
video02_1333.jpg,774,434,Hook,508,174,680,237
video02_1333.jpg,774,434,Bile,396,20,572,359
video02_1334.jpg,774,434,Hook,504,211,699,321
video02_1335.jpg,774,434,Hook,512,117,736,206
video02_1336.jpg,774,434,Hook,506,56,696,148
video02_1385.jpg,774,434,Grasper,87,15,165,93
video02_1386.jpg,774,434,Grasper,92,9,171,78
video02_1387.jpg,774,434,Grasper,84,27,159,102
video02_1388.jpg,774,434,Grasper,66,54,187,144
video02_1389.jpg,774,434,CysticDuct,325,297,506,431
video02_1389.jpg,774,434,Grasper,68,101,205,190
video02_1390.jpg,774,434,Grasper,66,137,205,213
video02_1390.jpg,774,434,CysticDuct,357,312,507,434
video02_1391.jpg,774,434,CysticDuct,354,308,535,434
video02_1391.jpg,774,434,Grasper,70,149,225,233
video02_1392.jpg,774,434,Grasper,85,81,242,174
video02_1392.jpg,774,434,CysticDuct,337,227,463,339
video02_1393.jpg,774,434,CysticDuct,332,196,470,325
video02_1393.jpg,774,434,Grasper,86,68,252,153
video02_1394.jpg,774,434,Grasper,87,79,263,175
video02_1394.jpg,774,434,CysticDuct,344,217,468,332
video02_1395.jpg,774,434,CysticDuct,321,128,425,206
video02_1396.jpg,774,434,Grasper,115,45,278,143
video02_1396.jpg,774,434,CysticDuct,379,185,463,277
video02_1397.jpg,774,434,ClipApplicator,289,86,430,182
video02_1397.jpg,774,434,Grasper,145,68,286,156
video02_1397.jpg,774,434,CysticDuct,392,197,480,276
video02_1398.jpg,774,434,Grasper,123,63,297,152
video02_1398.jpg,774,434,ClipApplicator,405,86,581,204
video02_1399.jpg,774,434,ClipApplicator,404,126,622,268
video02_1399.jpg,774,434,Grasper,136,103,314,188
video02_1401.jpg,774,434,Grasper,71,57,281,156
video02_1401.jpg,774,434,ClipApplicator,428,209,689,401
video02_1402.jpg,774,434,ClipApplicator,461,287,692,434
video02_1402.jpg,774,434,Grasper,53,165,242,245
video02_1403.jpg,774,434,Grasper,48,127,212,204
video02_1403.jpg,774,434,ClipApplicator,434,261,613,390
video02_1404.jpg,774,434,ClipApplicator,388,263,540,385
video02_1404.jpg,774,434,Grasper,49,124,200,224
video02_1405.jpg,774,434,Grasper,53,125,195,212
video02_1405.jpg,774,434,ClipApplicator,418,255,568,376
video02_1408.jpg,774,434,ClipApplicator,370,252,502,372
video02_1408.jpg,774,434,Grasper,48,151,220,243
video02_1409.jpg,774,434,Grasper,68,62,260,186
video02_1409.jpg,774,434,ClipApplicator,417,186,572,292
video02_1411.jpg,774,434,ClipApplicator,484,202,595,279
video02_1411.jpg,774,434,Grasper,52,84,269,213
video02_1412.jpg,774,434,Grasper,51,102,292,213
video02_1412.jpg,774,434,ClipApplicator,447,211,601,309
video02_1413.jpg,774,434,ClipApplicator,511,239,754,396
video02_1413.jpg,774,434,Grasper,51,133,308,240
video02_1414.jpg,774,434,ClipApplicator,623,184,757,316
video02_1414.jpg,774,434,Grasper,71,34,283,177
video02_1414.jpg,774,434,CysticDuct,440,188,573,292
video02_1419.jpg,774,434,Grasper,46,117,217,211
video02_1419.jpg,774,434,ClipApplicator,427,241,697,395
video02_1421.jpg,774,434,ClipApplicator,419,252,576,356
video02_1421.jpg,774,434,Grasper,63,144,214,228
video02_1422.jpg,774,434,ClipApplicator,501,227,734,347
video02_1423.jpg,774,434,ClipApplicator,494,88,681,198
video02_1424.jpg,774,434,ClipApplicator,571,63,754,187
video02_1426.jpg,774,434,ClipApplicator,544,86,748,211
video02_1427.jpg,774,434,ClipApplicator,552,71,755,219
video02_1429.jpg,774,434,ClipApplicator,436,227,715,400
video02_1429.jpg,774,434,Grasper,53,69,192,134
video02_1431.jpg,774,434,ClipApplicator,398,204,580,317
video02_1438.jpg,774,434,ClipApplicator,434,124,639,247
video02_1439.jpg,774,434,ClipApplicator,410,161,596,278
video02_1444.jpg,774,434,ClipApplicator,545,90,768,190
video02_1448.jpg,774,434,ClipApplicator,504,57,724,178
video02_1451.jpg,774,434,ClipApplicator,514,117,742,252
video02_1455.jpg,774,434,ClipApplicator,482,78,721,230
video02_1456.jpg,774,434,ClipApplicator,488,75,703,240
video02_1472.jpg,774,434,ClipApplicator,380,216,601,404
video02_1477.jpg,774,434,ClipApplicator,316,231,581,416
video02_1479.jpg,774,434,ClipApplicator,323,294,512,432
video02_1504.jpg,774,434,ClipApplicator,428,224,657,376
video02_1505.jpg,774,434,ClipApplicator,418,265,581,395
video02_1506.jpg,774,434,ClipApplicator,448,228,620,341
video02_1507.jpg,774,434,ClipApplicator,428,245,596,367
video02_1508.jpg,774,434,ClipApplicator,438,207,624,331
video02_1509.jpg,774,434,ClipApplicator,382,223,552,352
video02_1511.jpg,774,434,ClipApplicator,392,223,532,334
video02_1512.jpg,774,434,ClipApplicator,394,216,550,337
video02_1513.jpg,774,434,ClipApplicator,409,210,500,292
video02_1514.jpg,774,434,ClipApplicator,395,151,508,251
video02_1515.jpg,774,434,ClipApplicator,427,165,561,261
video02_1516.jpg,774,434,ClipApplicator,325,170,490,335
video02_1519.jpg,774,434,ClipApplicator,413,125,738,425
video02_1520.jpg,774,434,ClipApplicator,315,274,618,422
video02_1521.jpg,774,434,ClipApplicator,345,230,528,372
video02_1521.jpg,774,434,CysticDuct,313,344,432,409
video02_1522.jpg,774,434,ClipApplicator,383,171,593,332
video02_1522.jpg,774,434,CysticDuct,298,307,441,392
video02_1551.jpg,774,434,CysticDuct,297,307,403,372
video02_1552.jpg,774,434,CysticDuct,295,299,414,369
video02_1554.jpg,774,434,Grasper,69,247,225,309
video02_1554.jpg,774,434,CysticDuct,361,300,454,356
video02_1555.jpg,774,434,Grasper,60,227,207,298
video02_1555.jpg,774,434,ClipApplicator,362,162,558,311
video02_1555.jpg,774,434,CysticDuct,349,308,426,356
video02_1568.jpg,774,434,ClipApplicator,270,206,422,371
video02_1589.jpg,774,434,CysticDuct,267,334,376,418
video02_1601.jpg,774,434,Scissors,405,268,625,414
video02_1601.jpg,774,434,Grasper,44,199,129,243
video02_1603.jpg,774,434,Scissors,390,278,556,430
video02_1603.jpg,774,434,Grasper,47,182,137,238
video02_1604.jpg,774,434,Scissors,407,245,603,385
video02_1605.jpg,774,434,Scissors,335,209,454,343
video02_1606.jpg,774,434,Scissors,313,258,473,411
video02_1607.jpg,774,434,Scissors,267,271,409,417
video02_1611.jpg,774,434,Scissors,257,263,370,388
video02_1613.jpg,774,434,Scissors,225,239,330,330
video02_1625.jpg,774,434,Scissors,285,248,421,417
video02_1628.jpg,774,434,Scissors,254,281,334,410
video02_1629.jpg,774,434,Scissors,253,283,367,409
video02_1632.jpg,774,434,Scissors,276,216,371,376
video02_1667.jpg,774,434,Grasper,51,166,175,233
video02_1668.jpg,774,434,Hook,290,257,394,349
video02_1668.jpg,774,434,Grasper,53,165,195,250
video02_1670.jpg,774,434,Hook,442,255,555,343
video02_1671.jpg,774,434,Hook,439,226,525,284
video02_1672.jpg,774,434,Hook,473,243,562,300
video02_1673.jpg,774,434,Hook,505,240,599,298
video02_1674.jpg,774,434,Hook,502,244,598,299
video02_1686.jpg,774,434,Hook,464,268,624,355
video02_1704.jpg,774,434,Hook,438,166,561,254
video02_1707.jpg,774,434,Hook,430,3,570,116
video02_1729.jpg,774,434,Hook,477,88,641,188
video02_1732.jpg,774,434,Hook,535,154,710,248
video02_1733.jpg,774,434,Hook,537,107,703,179
video02_1734.jpg,774,434,Hook,544,85,664,178
video02_1741.jpg,774,434,Hook,547,95,680,184
video02_1751.jpg,774,434,Hook,497,93,594,182
video02_1763.jpg,774,434,Hook,454,9,651,164
video02_1765.jpg,774,434,Hook,487,123,618,230
video02_1766.jpg,774,434,Hook,459,8,646,131
video02_1767.jpg,774,434,Hook,486,97,581,188
video02_1771.jpg,774,434,Hook,444,1,628,135
video02_1777.jpg,774,434,Hook,307,16,471,143
video02_1790.jpg,774,434,Hook,323,240,510,398
video02_1792.jpg,774,434,Hook,362,171,567,359
video02_1806.jpg,774,434,Hook,344,67,417,141
video02_1808.jpg,774,434,Hook,393,11,466,105
video02_1811.jpg,774,434,Hook,371,41,491,141
video02_1814.jpg,774,434,Hook,382,98,466,195
video02_1819.jpg,774,434,Hook,248,49,319,118
video02_1821.jpg,774,434,Hook,286,4,391,131
video02_1822.jpg,774,434,Hook,434,162,583,243
video02_1829.jpg,774,434,Hook,385,76,492,184
video02_1831.jpg,774,434,Hook,333,85,396,173
video02_1847.jpg,774,434,Hook,418,109,484,201
video02_1848.jpg,774,434,Hook,333,55,436,152
video02_1850.jpg,774,434,Hook,403,107,505,204
video02_1851.jpg,774,434,Hook,482,135,685,247
video02_1852.jpg,774,434,Hook,412,142,561,259
video02_1857.jpg,774,434,Hook,393,125,524,230
video02_1862.jpg,774,434,Hook,405,112,525,212
video02_1878.jpg,774,434,Hook,322,28,403,101
video02_1889.jpg,774,434,Hook,417,95,534,186
video02_1890.jpg,774,434,Hook,508,307,605,381
video02_1892.jpg,774,434,Hook,429,137,513,221
video02_1901.jpg,774,434,Hook,454,14,582,129
video02_1913.jpg,774,434,Hook,468,139,597,266
video02_1935.jpg,774,434,Hook,428,164,527,240
video02_1936.jpg,774,434,Hook,443,142,536,227
video02_1937.jpg,774,434,Hook,421,103,503,172
video02_1938.jpg,774,434,Hook,437,201,524,282
video02_1939.jpg,774,434,Hook,433,298,568,401
video02_1940.jpg,774,434,Hook,441,188,606,291
video02_1943.jpg,774,434,Hook,448,100,560,212
video02_1946.jpg,774,434,Hook,454,56,566,181
video02_1947.jpg,774,434,Hook,471,2,629,119
video02_1948.jpg,774,434,Hook,457,2,649,123
video02_1949.jpg,774,434,Hook,443,141,551,252
video02_1950.jpg,774,434,Hook,432,143,516,231
video02_1951.jpg,774,434,Hook,430,73,522,173
video02_1958.jpg,774,434,Hook,453,107,545,214
video02_1961.jpg,774,434,Hook,426,24,559,143
video02_1969.jpg,774,434,Hook,398,72,505,183
video02_1972.jpg,774,434,Hook,409,168,554,275
video02_1975.jpg,774,434,Hook,406,178,532,283
video02_1981.jpg,774,434,Hook,383,241,505,375
video02_1988.jpg,774,434,Hook,423,97,529,229
video02_1997.jpg,774,434,Hook,441,241,547,325
video02_1999.jpg,774,434,Hook,435,194,494,250
video02_2000.jpg,774,434,Hook,416,153,523,208
video02_2002.jpg,774,434,Hook,474,9,667,181
video02_2007.jpg,774,434,Hook,478,81,630,212
video02_2012.jpg,774,434,Hook,444,119,610,270
video02_2013.jpg,774,434,Hook,428,130,548,251
video02_2017.jpg,774,434,Hook,436,1,647,138
video02_2019.jpg,774,434,Hook,386,262,674,416
video02_2023.jpg,774,434,Hook,447,174,599,299
video02_2029.jpg,774,434,Hook,419,205,510,281
video02_2031.jpg,774,434,Hook,495,283,668,383
video02_2032.jpg,774,434,Hook,468,206,591,298
video02_2033.jpg,774,434,Hook,423,193,511,268
video02_2034.jpg,774,434,Hook,466,100,574,217
video02_2035.jpg,774,434,Hook,427,29,574,139
video02_2037.jpg,774,434,Hook,474,31,626,187
video02_2041.jpg,774,434,Hook,436,209,553,299
video02_2042.jpg,774,434,Hook,433,103,569,208
video02_2043.jpg,774,434,Hook,435,130,537,233
video02_2044.jpg,774,434,Hook,391,25,542,138
video02_2052.jpg,774,434,Grasper,49,169,197,250
video02_2053.jpg,774,434,Hook,289,68,370,187
video02_2053.jpg,774,434,Grasper,60,44,192,142
video02_2054.jpg,774,434,Grasper,77,15,265,122
video02_2054.jpg,774,434,Hook,404,38,533,184
video02_2059.jpg,774,434,Grasper,190,188,499,427
video02_2060.jpg,774,434,Hook,295,84,365,145
video02_2060.jpg,774,434,Grasper,206,87,487,302
video02_2061.jpg,774,434,Grasper,171,113,433,272
video02_2061.jpg,774,434,Hook,270,79,339,153
video02_2064.jpg,774,434,Hook,444,26,667,212
video02_2065.jpg,774,434,Hook,437,72,561,198
video02_2066.jpg,774,434,Hook,459,5,594,131
video02_2067.jpg,774,434,Hook,422,80,522,173
video02_2068.jpg,774,434,Hook,447,64,528,172
video02_2071.jpg,774,434,Hook,451,64,563,174
video02_2072.jpg,774,434,Hook,437,29,567,165
video02_2074.jpg,774,434,Hook,418,199,563,297
video02_2075.jpg,774,434,Hook,430,198,516,269
video02_2077.jpg,774,434,Hook,460,63,578,185
video02_2081.jpg,774,434,Hook,469,129,570,220
video02_2082.jpg,774,434,Hook,461,71,559,174
video02_2083.jpg,774,434,Hook,480,36,610,157
video02_2085.jpg,774,434,Hook,505,1,730,158
video02_2087.jpg,774,434,Hook,449,47,601,170
video02_2088.jpg,774,434,Hook,421,44,577,170
video02_2089.jpg,774,434,Hook,393,4,603,152
video02_2095.jpg,774,434,Hook,459,264,606,357
video02_2096.jpg,774,434,Hook,471,181,638,288
video02_2100.jpg,774,434,Hook,467,58,593,182
video02_2102.jpg,774,434,Hook,480,43,746,208
video02_2107.jpg,774,434,Hook,428,308,682,432
video02_2111.jpg,774,434,Hook,470,185,713,317
video02_2122.jpg,774,434,Hook,432,137,668,330
video02_2123.jpg,774,434,Hook,436,178,585,290
video02_2124.jpg,774,434,Hook,434,153,548,255
video02_2126.jpg,774,434,Hook,483,1,717,139
video02_2128.jpg,774,434,Hook,423,31,682,263
video02_2129.jpg,774,434,Hook,425,35,753,247
video02_2130.jpg,774,434,Hook,371,90,586,239
video02_2133.jpg,774,434,Hook,385,132,501,251
video02_2134.jpg,774,434,Hook,386,122,521,242
video02_2136.jpg,774,434,Hook,389,158,522,260
video02_2137.jpg,774,434,Hook,405,132,549,231
video02_2139.jpg,774,434,Hook,413,136,614,281
video02_2140.jpg,774,434,Hook,394,141,610,305
video02_2142.jpg,774,434,Hook,414,42,571,203
video02_2143.jpg,774,434,Hook,436,6,588,132
video02_2145.jpg,774,434,Hook,420,1,622,124
video02_2147.jpg,774,434,Hook,412,140,548,247
video02_2150.jpg,774,434,Hook,449,27,623,209
video02_2151.jpg,774,434,Hook,408,52,544,195
video02_2152.jpg,774,434,Hook,424,1,564,98
video02_2153.jpg,774,434,Hook,437,12,584,155
video02_2154.jpg,774,434,Hook,438,11,597,160
video02_2155.jpg,774,434,Hook,426,9,637,155
video02_2157.jpg,774,434,Hook,404,358,516,434
video02_2158.jpg,774,434,Hook,501,161,761,297
video02_2159.jpg,774,434,Hook,492,75,722,200
video02_2160.jpg,774,434,Hook,469,140,677,278
video02_2161.jpg,774,434,Hook,437,88,579,241
video02_2164.jpg,774,434,Hook,378,115,537,262
video02_2165.jpg,774,434,Hook,490,54,769,198
video02_2166.jpg,774,434,Hook,509,244,770,373
video02_2167.jpg,774,434,Hook,509,25,727,128
video02_2170.jpg,774,434,Hook,404,120,504,245
video02_2171.jpg,774,434,Hook,381,121,449,211
video02_2172.jpg,774,434,Hook,310,59,385,171
video02_2174.jpg,774,434,Hook,362,108,476,231
video02_2175.jpg,774,434,Hook,448,204,663,315
video02_2176.jpg,774,434,Hook,476,202,654,288
video02_2177.jpg,774,434,Hook,475,194,612,262
video02_2187.jpg,774,434,Hook,309,143,411,238
video02_2191.jpg,774,434,Hook,433,178,568,285
video02_2192.jpg,774,434,Hook,398,162,505,266
video02_2197.jpg,774,434,Hook,261,110,374,174
video02_2198.jpg,774,434,Hook,186,61,290,172
video02_2200.jpg,774,434,Hook,424,91,590,227
video02_2201.jpg,774,434,Hook,405,189,508,282
video02_2202.jpg,774,434,Hook,369,94,468,219
video02_2203.jpg,774,434,Hook,262,70,359,161
video02_2205.jpg,774,434,Hook,424,235,627,339
video02_2206.jpg,774,434,Hook,409,202,556,307
video02_2209.jpg,774,434,Hook,364,197,490,278
video02_2210.jpg,774,434,Hook,380,192,501,291
video02_2211.jpg,774,434,Hook,398,248,539,359
video02_2213.jpg,774,434,Hook,388,272,544,376
video02_2214.jpg,774,434,Hook,385,276,501,369
video02_2215.jpg,774,434,Hook,446,252,731,395
video02_2216.jpg,774,434,Hook,337,273,548,429
video02_2217.jpg,774,434,Hook,314,302,553,427
video02_2218.jpg,774,434,Hook,355,142,567,342
video02_2220.jpg,774,434,Hook,348,33,574,250
video02_2222.jpg,774,434,Hook,372,52,574,237
video02_2223.jpg,774,434,Hook,361,68,508,224
video02_2224.jpg,774,434,Hook,341,107,478,236
video02_2225.jpg,774,434,Hook,341,155,467,262
video02_2227.jpg,774,434,Hook,345,95,480,234
video02_2228.jpg,774,434,Hook,316,112,418,235
video02_2229.jpg,774,434,Hook,341,148,465,241
video02_2230.jpg,774,434,Hook,337,120,454,229
video02_2231.jpg,774,434,Hook,366,101,468,232
video02_2232.jpg,774,434,Hook,397,145,663,338
video02_2235.jpg,774,434,Hook,419,40,574,196
video02_2236.jpg,774,434,Hook,372,161,485,279
video02_2237.jpg,774,434,Hook,359,104,487,228
video02_2239.jpg,774,434,Hook,465,4,692,188
video02_2241.jpg,774,434,Hook,364,233,651,389
video02_2242.jpg,774,434,Hook,350,195,462,299
video02_2243.jpg,774,434,Hook,364,139,485,256
video02_2244.jpg,774,434,Hook,408,91,531,235
video02_2254.jpg,774,434,Hook,453,168,753,342
video02_2255.jpg,774,434,Hook,379,161,533,281
video02_2271.jpg,774,434,Hook,373,77,459,207
video02_2273.jpg,774,434,Hook,339,155,419,239
video02_2275.jpg,774,434,Hook,359,169,473,298
video02_2276.jpg,774,434,Hook,357,243,506,359
video02_2278.jpg,774,434,Hook,378,115,491,242
video02_2279.jpg,774,434,Hook,341,141,458,276
video02_2285.jpg,774,434,Hook,331,93,413,206
video02_2286.jpg,774,434,Hook,322,99,451,235
video02_2287.jpg,774,434,Hook,316,36,484,191
video02_2288.jpg,774,434,Hook,347,137,515,282
video02_2292.jpg,774,434,Hook,296,133,374,213
video02_2293.jpg,774,434,Hook,333,117,452,229
video02_2294.jpg,774,434,Hook,337,124,416,218
video02_2296.jpg,774,434,Hook,308,1,465,72
video02_2299.jpg,774,434,Hook,303,85,437,205
video02_2303.jpg,774,434,Hook,368,212,514,331
video02_2304.jpg,774,434,Hook,311,27,424,140
video02_2305.jpg,774,434,Hook,272,101,356,185
video02_2307.jpg,774,434,Hook,230,39,362,156
video02_2308.jpg,774,434,Hook,213,83,313,159
video02_2309.jpg,774,434,Hook,291,258,339,342
video02_2315.jpg,774,434,Hook,311,157,419,271
video02_2316.jpg,774,434,Hook,330,148,482,285
video02_2319.jpg,774,434,Grasper,56,91,425,319
video02_2323.jpg,774,434,Grasper,337,56,596,279
video02_2324.jpg,774,434,Grasper,269,56,559,272
video02_2325.jpg,774,434,Grasper,331,66,527,236
video02_2326.jpg,774,434,Grasper,383,61,513,154
video02_2330.jpg,774,434,Hook,318,227,496,340
video02_2331.jpg,774,434,Hook,359,128,483,213
video02_2334.jpg,774,434,Hook,326,105,404,190
video02_2339.jpg,774,434,Hook,341,110,434,195
video02_2342.jpg,774,434,Hook,324,70,394,149
video02_2343.jpg,774,434,Hook,334,173,467,294
video02_2344.jpg,774,434,Hook,387,61,554,194
video02_2345.jpg,774,434,Hook,324,3,452,114
video02_2346.jpg,774,434,Hook,356,92,522,204
video02_2347.jpg,774,434,Hook,336,19,516,147
video02_2348.jpg,774,434,Hook,355,17,516,152
video02_2353.jpg,774,434,Hook,314,38,415,119
video02_2359.jpg,774,434,Hook,349,128,466,202
video02_2360.jpg,774,434,Hook,389,74,529,164
video02_2363.jpg,774,434,Hook,426,3,560,92
video02_2368.jpg,774,434,Hook,356,26,464,104
video02_2373.jpg,774,434,Hook,364,21,477,131
video02_2374.jpg,774,434,Hook,408,15,515,106
video02_2375.jpg,774,434,Hook,395,1,553,61
video02_2379.jpg,774,434,Hook,296,35,402,130
video02_2383.jpg,774,434,Hook,292,78,357,175
video02_2384.jpg,774,434,Hook,328,28,428,155
video02_2397.jpg,774,434,Grasper,332,224,456,270
video02_2397.jpg,774,434,Hook,530,250,698,299
video02_2399.jpg,774,434,Grasper,213,229,409,299
video02_2400.jpg,774,434,Grasper,149,154,361,222
video02_2453.jpg,774,434,Grasper,410,291,511,354
video02_2453.jpg,774,434,SpecimenBag,497,145,738,417
video02_2454.jpg,774,434,SpecimenBag,521,178,725,405
video02_2454.jpg,774,434,Grasper,276,1,698,194
video02_2454.jpg,774,434,Grasper,414,296,527,345
video02_2458.jpg,774,434,Grasper,433,281,624,372
video02_2458.jpg,774,434,Grasper,193,203,329,262
video02_2458.jpg,774,434,SpecimenBag,337,104,520,326
video02_2467.jpg,774,434,Grasper,122,192,316,274
video02_2467.jpg,774,434,Grasper,299,342,395,392
video02_2467.jpg,774,434,SpecimenBag,270,154,432,400
video02_2472.jpg,774,434,SpecimenBag,229,181,440,408
video02_2472.jpg,774,434,Grasper,337,329,452,404
video02_2473.jpg,774,434,Grasper,352,240,518,355
video02_2473.jpg,774,434,SpecimenBag,222,197,433,367
video02_2481.jpg,774,434,SpecimenBag,250,149,451,332
video02_2481.jpg,774,434,Grasper,383,146,507,207
video02_2481.jpg,774,434,Grasper,283,213,383,263
video02_2484.jpg,774,434,Grasper,110,158,347,281
video02_2484.jpg,774,434,Grasper,391,149,573,221
video02_2484.jpg,774,434,Grasper,330,1,542,134
video02_2484.jpg,774,434,SpecimenBag,199,117,451,300
video02_2495.jpg,774,434,SpecimenBag,278,59,565,341
video02_2495.jpg,774,434,Grasper,98,152,382,250
video02_2495.jpg,774,434,Grasper,491,94,759,173
video02_2496.jpg,774,434,Grasper,199,1,446,79
video02_2496.jpg,774,434,Grasper,591,143,774,258
video02_2496.jpg,774,434,SpecimenBag,281,1,590,279
video02_2497.jpg,774,434,SpecimenBag,240,12,684,405
video02_2497.jpg,774,434,Grasper,84,1,439,130
video02_2508.jpg,774,434,Grasper,298,28,522,91
video02_2508.jpg,774,434,Grasper,281,303,339,358
video02_2508.jpg,774,434,SpecimenBag,298,7,721,321
video02_2509.jpg,774,434,SpecimenBag,237,46,741,403
video02_2509.jpg,774,434,Grasper,248,208,548,434
video02_2513.jpg,774,434,Grasper,261,113,578,394
video02_2513.jpg,774,434,SpecimenBag,377,34,693,393
video02_2514.jpg,774,434,SpecimenBag,290,76,660,423
video02_2514.jpg,774,434,Grasper,490,134,634,257
video02_2514.jpg,774,434,Grasper,389,39,543,145
video02_2523.jpg,774,434,Grasper,464,59,693,203
video02_2523.jpg,774,434,Grasper,388,74,485,117
video02_2523.jpg,774,434,Grasper,493,1,647,73
video02_2523.jpg,774,434,SpecimenBag,274,11,591,324
video02_2530.jpg,774,434,SpecimenBag,245,191,471,385
video02_2530.jpg,774,434,Grasper,302,25,708,187
video02_2533.jpg,774,434,SpecimenBag,314,172,539,322
video02_2534.jpg,774,434,SpecimenBag,331,57,539,249
video02_2538.jpg,774,434,Grasper,298,105,653,310
video02_2538.jpg,774,434,Grasper,370,1,721,180
video02_2539.jpg,774,434,Grasper,208,276,547,424
video02_2539.jpg,774,434,Grasper,596,190,774,317
video02_2540.jpg,774,434,Grasper,225,321,604,434
video02_2541.jpg,774,434,Grasper,495,56,759,226
video02_2541.jpg,774,434,Grasper,258,288,654,414
video02_2542.jpg,774,434,Grasper,394,308,652,420
video02_2542.jpg,774,434,Grasper,494,1,666,89
video02_2543.jpg,774,434,SpecimenBag,390,63,565,187
video02_2549.jpg,774,434,Grasper,382,196,648,295
video02_2549.jpg,774,434,Grasper,499,331,681,417
video02_2549.jpg,774,434,SpecimenBag,492,86,682,215
video02_2550.jpg,774,434,SpecimenBag,411,94,592,221
video02_2550.jpg,774,434,SuctionIrrigator,281,1,440,123
video02_2550.jpg,774,434,Grasper,287,211,495,297
video02_2550.jpg,774,434,Grasper,253,345,488,434
video02_2553.jpg,774,434,SuctionIrrigator,259,355,333,422
video02_2553.jpg,774,434,Grasper,342,322,458,373
video02_2553.jpg,774,434,SpecimenBag,405,105,583,251
video02_2554.jpg,774,434,Grasper,431,257,564,317
video02_2554.jpg,774,434,SpecimenBag,490,52,645,194
video02_2554.jpg,774,434,SuctionIrrigator,340,304,425,354
video02_2559.jpg,774,434,SuctionIrrigator,258,264,351,349
video02_2559.jpg,774,434,Grasper,354,189,514,260
video02_2559.jpg,774,434,SpecimenBag,434,114,565,202
video02_2565.jpg,774,434,SpecimenBag,409,70,578,197
video02_2565.jpg,774,434,Grasper,376,184,564,254
video02_2565.jpg,774,434,SuctionIrrigator,212,308,306,376
video02_2566.jpg,774,434,SuctionIrrigator,200,291,286,365
video02_2566.jpg,774,434,Grasper,371,195,541,263
video02_2566.jpg,774,434,SpecimenBag,415,71,588,208
video02_2567.jpg,774,434,SpecimenBag,422,69,588,210
video02_2567.jpg,774,434,Grasper,336,225,489,286
video02_2567.jpg,774,434,SuctionIrrigator,169,284,262,359
video02_2568.jpg,774,434,SuctionIrrigator,164,270,255,364
video02_2568.jpg,774,434,Grasper,355,198,526,267
video02_2568.jpg,774,434,SpecimenBag,425,79,577,210
video02_2569.jpg,774,434,SpecimenBag,452,78,590,181
video02_2569.jpg,774,434,Grasper,379,163,555,242
video02_2569.jpg,774,434,SuctionIrrigator,249,302,319,387
video02_2570.jpg,774,434,SuctionIrrigator,362,260,454,316
video02_2570.jpg,774,434,Grasper,479,92,675,173
video02_2570.jpg,774,434,SpecimenBag,519,17,672,124
video02_2571.jpg,774,434,SpecimenBag,487,36,607,153
video02_2571.jpg,774,434,Grasper,444,118,632,213
video02_2571.jpg,774,434,SuctionIrrigator,319,294,408,357
video02_2572.jpg,774,434,SuctionIrrigator,306,292,416,342
video02_2572.jpg,774,434,Grasper,457,95,650,203
video02_2572.jpg,774,434,SpecimenBag,474,8,632,131
video02_2573.jpg,774,434,Grasper,441,176,584,243
video02_2573.jpg,774,434,SuctionIrrigator,386,284,487,351
video02_2573.jpg,774,434,SpecimenBag,517,5,651,145
video02_2574.jpg,774,434,Grasper,431,165,541,224
video02_2574.jpg,774,434,SpecimenBag,516,1,686,140
video02_2574.jpg,774,434,SuctionIrrigator,366,264,494,323
video02_2575.jpg,774,434,Grasper,398,215,496,268
video02_2575.jpg,774,434,SuctionIrrigator,328,391,408,429
video02_2575.jpg,774,434,SpecimenBag,512,1,699,159
video02_2576.jpg,774,434,Grasper,390,207,487,265
video02_2576.jpg,774,434,SpecimenBag,484,1,647,155
video02_2577.jpg,774,434,Grasper,349,120,469,201
video02_2577.jpg,774,434,SpecimenBag,457,1,604,127
video02_2577.jpg,774,434,SuctionIrrigator,309,336,406,402
video02_2578.jpg,774,434,SuctionIrrigator,331,331,422,380
video02_2578.jpg,774,434,Grasper,362,88,501,173
video02_2578.jpg,774,434,SpecimenBag,459,1,610,162
video02_2579.jpg,774,434,SpecimenBag,437,13,612,178
video02_2579.jpg,774,434,Grasper,371,87,518,179
video02_2579.jpg,774,434,SuctionIrrigator,455,312,677,434
video02_2580.jpg,774,434,Grasper,317,74,467,197
video02_2580.jpg,774,434,SpecimenBag,379,15,524,187
video02_2581.jpg,774,434,Grasper,36,216,382,350
video02_2581.jpg,774,434,Grasper,146,1,431,170
video02_2582.jpg,774,434,Grasper,381,231,754,429
video02_2582.jpg,774,434,Grasper,55,303,395,413
video02_2582.jpg,774,434,Grasper,397,1,606,105
video02_2582.jpg,774,434,SpecimenBag,297,1,451,141
video02_2583.jpg,774,434,Grasper,541,273,759,423
video02_2583.jpg,774,434,Grasper,85,381,311,426
video02_2583.jpg,774,434,SpecimenBag,303,1,441,133
video02_2584.jpg,774,434,Grasper,219,313,430,376
video02_2584.jpg,774,434,SpecimenBag,298,4,426,138
video02_2585.jpg,774,434,Grasper,78,86,354,209
video02_2585.jpg,774,434,Grasper,439,17,712,205
video02_2586.jpg,774,434,Grasper,83,79,356,195
video02_2587.jpg,774,434,Grasper,75,257,361,319
video02_2587.jpg,774,434,Grasper,409,1,568,85
video02_2588.jpg,774,434,Grasper,175,328,354,384
video02_2589.jpg,774,434,Grasper,454,148,763,323
video02_2589.jpg,774,434,Grasper,320,17,459,114
video02_2589.jpg,774,434,SpecimenBag,253,7,403,162
video02_2590.jpg,774,434,Grasper,539,1,705,100
video02_2592.jpg,774,434,Grasper,543,75,719,178
video02_2592.jpg,774,434,SuctionIrrigator,155,323,309,419
video02_2593.jpg,774,434,Grasper,554,85,728,187
video02_2594.jpg,774,434,SuctionIrrigator,138,307,232,400
video02_2594.jpg,774,434,Grasper,518,69,722,174
video02_2598.jpg,774,434,SuctionIrrigator,244,235,319,281
video02_2598.jpg,774,434,Grasper,548,1,650,44
video02_2600.jpg,774,434,SuctionIrrigator,293,1,474,148
video02_2601.jpg,774,434,Grasper,478,1,616,85
video02_2602.jpg,774,434,Grasper,149,198,470,329
video02_2602.jpg,774,434,Grasper,405,1,580,115
video02_2603.jpg,774,434,Grasper,205,320,391,360
video02_2603.jpg,774,434,Grasper,398,1,519,75
video02_2604.jpg,774,434,Grasper,389,1,543,89
video02_2606.jpg,774,434,Grasper,430,18,602,106
video02_2606.jpg,774,434,SuctionIrrigator,232,207,452,343
video02_2607.jpg,774,434,SuctionIrrigator,474,154,745,258
video02_2607.jpg,774,434,Grasper,424,8,618,108
video02_2608.jpg,774,434,SuctionIrrigator,511,13,699,116
video02_2608.jpg,774,434,Grasper,389,53,511,127
video02_2609.jpg,774,434,Grasper,377,24,526,118
video02_2614.jpg,774,434,Grasper,383,1,559,107
video02_2615.jpg,774,434,Grasper,403,1,588,108
video02_2616.jpg,774,434,Grasper,393,1,607,121
video02_2621.jpg,774,434,Grasper,401,1,605,106
video02_2623.jpg,774,434,Grasper,414,22,618,149
video02_2626.jpg,774,434,Grasper,417,76,614,168
video02_2627.jpg,774,434,Grasper,418,86,634,195
video02_2636.jpg,774,434,Grasper,466,191,629,278
video02_2636.jpg,774,434,Bipolar,439,70,581,169
video02_2637.jpg,774,434,Grasper,328,81,512,189
video02_2638.jpg,774,434,Grasper,415,3,627,108
video02_2638.jpg,774,434,Grasper,284,1,452,73
video02_2639.jpg,774,434,Grasper,482,5,610,85
video02_2639.jpg,774,434,Grasper,335,1,463,55
video02_2640.jpg,774,434,Grasper,507,28,712,125
video02_2642.jpg,774,434,Bipolar,327,74,582,204
video02_2642.jpg,774,434,Grasper,123,1,365,95
video02_2643.jpg,774,434,Bipolar,332,1,620,147
video02_2644.jpg,774,434,Bipolar,295,1,586,155
video02_2645.jpg,774,434,Bipolar,306,1,486,96
video02_2645.jpg,774,434,Grasper,468,1,697,120
video02_2646.jpg,774,434,Bipolar,339,1,470,76
video02_2646.jpg,774,434,Grasper,470,2,684,125
video02_2647.jpg,774,434,Grasper,452,5,615,118
video02_2647.jpg,774,434,Bipolar,336,1,460,90
video02_2648.jpg,774,434,Bipolar,329,3,469,100
video02_2648.jpg,774,434,Grasper,455,15,666,139
video02_2649.jpg,774,434,Bipolar,252,11,444,123
video02_2649.jpg,774,434,Grasper,413,23,635,164
video02_2650.jpg,774,434,Bipolar,254,75,488,224
video02_2651.jpg,774,434,Bipolar,245,35,390,158
video02_2651.jpg,774,434,Grasper,436,76,601,158
video02_2652.jpg,774,434,Bipolar,269,11,393,129
video02_2652.jpg,774,434,Grasper,432,7,669,153
video02_2653.jpg,774,434,Bipolar,266,7,374,98
video02_2653.jpg,774,434,Grasper,417,1,616,145
video02_2654.jpg,774,434,Grasper,416,13,644,158
video02_2654.jpg,774,434,Bipolar,253,1,356,91
video02_2655.jpg,774,434,Bipolar,256,14,358,136
video02_2655.jpg,774,434,Grasper,414,39,610,174
video02_2656.jpg,774,434,Bipolar,267,212,408,282
video02_2656.jpg,774,434,Grasper,409,18,637,181
video02_2657.jpg,774,434,Bipolar,283,121,388,205
video02_2658.jpg,774,434,Bipolar,254,58,368,168
video02_2658.jpg,774,434,Grasper,401,57,608,171
video02_2659.jpg,774,434,Bipolar,238,45,342,153
video02_2659.jpg,774,434,Grasper,398,58,593,172
video02_2660.jpg,774,434,Bipolar,235,77,328,171
video02_2660.jpg,774,434,Grasper,395,78,569,190
video02_2661.jpg,774,434,Bipolar,195,107,336,226
video02_2662.jpg,774,434,Bipolar,355,83,558,226
video02_2664.jpg,774,434,Grasper,414,105,665,240
video02_2664.jpg,774,434,Grasper,454,279,564,347
video02_2665.jpg,774,434,Grasper,492,152,590,232
video02_2665.jpg,774,434,Grasper,520,45,713,177
video02_2666.jpg,774,434,Grasper,625,77,751,195
video02_2666.jpg,774,434,Grasper,399,27,555,144
video02_2667.jpg,774,434,Grasper,338,1,483,67
video02_2667.jpg,774,434,Grasper,493,70,748,238
video02_2668.jpg,774,434,Grasper,385,7,726,220
video02_2669.jpg,774,434,Grasper,370,41,744,298
video02_2670.jpg,774,434,Grasper,424,80,754,294
video02_2671.jpg,774,434,Grasper,476,142,766,307
video02_2672.jpg,774,434,Grasper,481,123,760,295
video02_2673.jpg,774,434,Grasper,416,184,749,364
video02_2674.jpg,774,434,Grasper,485,145,743,319
video02_2675.jpg,774,434,Grasper,425,319,723,430
video02_2676.jpg,774,434,Grasper,454,102,731,291
video02_2677.jpg,774,434,Grasper,522,68,732,227
video02_2678.jpg,774,434,Grasper,447,50,725,251
video02_2678.jpg,774,434,Grasper,199,7,423,128
video02_2679.jpg,774,434,Grasper,465,116,740,284
video02_2679.jpg,774,434,Grasper,56,163,282,247
video02_2680.jpg,774,434,Grasper,136,74,567,340
video02_2681.jpg,774,434,Grasper,323,195,543,287
video02_2681.jpg,774,434,SpecimenBag,384,69,601,212
video02_2685.jpg,774,434,SpecimenBag,512,42,731,241
video02_2689.jpg,774,434,SpecimenBag,446,94,636,296
video02_2689.jpg,774,434,Grasper,329,347,407,367
video02_2690.jpg,774,434,SpecimenBag,494,115,692,301
video02_2690.jpg,774,434,Grasper,365,369,463,389
video02_2692.jpg,774,434,SpecimenBag,485,109,711,285
video02_2694.jpg,774,434,SpecimenBag,449,113,703,280
video02_2695.jpg,774,434,SpecimenBag,476,99,737,297
video02_2696.jpg,774,434,Grasper,109,255,454,421
video02_2696.jpg,774,434,SpecimenBag,497,130,712,295
video02_2697.jpg,774,434,SpecimenBag,428,65,621,238
video02_2698.jpg,774,434,Grasper,293,279,398,313
video02_2698.jpg,774,434,SpecimenBag,464,34,669,205
video02_2699.jpg,774,434,Grasper,340,332,449,375
video02_2699.jpg,774,434,SpecimenBag,494,104,755,268
video02_2700.jpg,774,434,SuctionIrrigator,266,297,507,429
video02_2700.jpg,774,434,SpecimenBag,489,83,713,261
video02_2702.jpg,774,434,Grasper,473,265,734,334
video02_2702.jpg,774,434,SuctionIrrigator,387,364,490,434
video02_2703.jpg,774,434,Grasper,430,266,669,338
video02_2704.jpg,774,434,Grasper,515,181,750,274
video02_2705.jpg,774,434,Grasper,419,263,744,325
video02_2705.jpg,774,434,SuctionIrrigator,361,378,438,433
video02_2705.jpg,774,434,SpecimenBag,626,8,726,122
video02_2706.jpg,774,434,Grasper,464,261,719,316
video02_2706.jpg,774,434,SuctionIrrigator,426,278,531,342
video02_2706.jpg,774,434,SpecimenBag,633,24,736,161
video02_2707.jpg,774,434,SpecimenBag,607,11,743,177
video02_2707.jpg,774,434,Grasper,475,276,733,333
video02_2707.jpg,774,434,SuctionIrrigator,408,297,502,367
video02_2708.jpg,774,434,Grasper,468,248,737,308
video02_2708.jpg,774,434,SuctionIrrigator,386,282,496,342
video02_2708.jpg,774,434,SpecimenBag,611,4,728,149
video02_2709.jpg,774,434,SuctionIrrigator,328,256,399,319
video02_2709.jpg,774,434,Grasper,404,222,660,301
video02_2709.jpg,774,434,SpecimenBag,536,4,737,164
video02_2710.jpg,774,434,Grasper,360,216,623,295
video02_2710.jpg,774,434,SuctionIrrigator,259,259,315,308
video02_2710.jpg,774,434,SpecimenBag,497,16,733,164
video02_2711.jpg,774,434,Grasper,426,116,659,218
video02_2711.jpg,774,434,SpecimenBag,530,4,711,137
video02_2712.jpg,774,434,SuctionIrrigator,307,376,361,434
video02_2713.jpg,774,434,Grasper,561,31,722,150
video02_2713.jpg,774,434,SuctionIrrigator,323,371,405,431
video02_2714.jpg,774,434,SuctionIrrigator,343,343,402,401
video02_2714.jpg,774,434,Grasper,567,22,712,91
video02_2715.jpg,774,434,SuctionIrrigator,322,284,383,340
video02_2719.jpg,774,434,SuctionIrrigator,391,181,463,231
video02_2720.jpg,774,434,SuctionIrrigator,401,242,493,288
video02_2720.jpg,774,434,Grasper,505,1,660,76
video02_2721.jpg,774,434,Grasper,492,6,719,94
video02_2721.jpg,774,434,SuctionIrrigator,393,226,479,274
video02_2722.jpg,774,434,Grasper,545,65,731,151
video02_2722.jpg,774,434,SuctionIrrigator,370,210,454,264
video02_2723.jpg,774,434,SuctionIrrigator,335,276,405,329
video02_2723.jpg,774,434,Grasper,527,71,723,172
video02_2724.jpg,774,434,Grasper,559,28,727,123
video02_2724.jpg,774,434,SuctionIrrigator,373,238,448,293
video02_2725.jpg,774,434,Grasper,530,27,719,128
video02_2726.jpg,774,434,Grasper,399,210,677,309
video02_2726.jpg,774,434,SpecimenBag,427,9,748,224
video02_2727.jpg,774,434,Grasper,322,139,619,284
video02_2727.jpg,774,434,SpecimenBag,382,45,617,303
video02_2728.jpg,774,434,Grasper,50,2,747,278
video02_2728.jpg,774,434,SpecimenBag,394,168,759,317
video02_2729.jpg,774,434,Grasper,286,1,703,162
video02_2729.jpg,774,434,SpecimenBag,382,116,765,336
video02_2730.jpg,774,434,SpecimenBag,440,188,742,350
video02_2730.jpg,774,434,Grasper,411,73,737,207
video02_2731.jpg,774,434,SpecimenBag,398,172,753,370
video02_2732.jpg,774,434,SpecimenBag,366,165,749,356
video02_2733.jpg,774,434,SpecimenBag,370,198,751,409
video02_2734.jpg,774,434,SpecimenBag,394,222,739,417
video02_2735.jpg,774,434,SpecimenBag,474,128,756,277
video02_2736.jpg,774,434,SpecimenBag,446,147,761,277
video02_2737.jpg,774,434,SpecimenBag,342,90,752,328
video02_2738.jpg,774,434,SpecimenBag,349,148,760,397
video02_2739.jpg,774,434,SpecimenBag,532,74,751,226
video02_2746.jpg,774,434,Grasper,60,44,358,434
video02_2747.jpg,774,434,Grasper,162,1,760,416
video02_2748.jpg,774,434,Grasper,282,109,691,434
video02_2749.jpg,774,434,Grasper,350,115,732,402
